행정동명,집계구코드,위도,경도,집계구별_물동량,가중치,총가구수,총인구수
가양1동,1.11608E+13,37.568229098966675,126.84008588681154,292,0.004339859,2108,2385
가양1동,1.11608E+13,37.56747980079227,126.8271024174248,259,0.003850374,1901,2116
가양1동,1.11608E+13,37.560009888122785,126.82846405108145,227,0.003369987,1645,1852
가양1동,1.11608E+13,37.564929390868926,126.83982740097672,213,0.003168006,1566,1741
가양1동,1.11608E+13,37.56892106,126.82580573794742,200,0.002967845,1448,1631
우장산동,1.11607E+13,37.544756112572855,126.84302411946346,138,0.002048923,522,1126
화곡본동,1.11606E+13,37.545648812837044,126.84918918318536,136,0.00201435,562,1107
가양1동,1.11608E+13,37.56203042409468,126.83889713084866,128,0.001906991,926,1048
화곡본동,1.11606E+13,37.54276639083769,126.85308908636992,122,0.00180509,459,992
등촌1동,1.11605E+13,37.55675771182181,126.8615664637635,112,0.001668617,699,917
등촌1동,1.11605E+13,37.55575256578372,126.86136324962155,107,0.001588552,603,873
가양1동,1.11608E+13,37.566216048804996,126.83358808425072,104,0.001541241,729,847
방화1동,1.11607E+13,37.56575634260136,126.81968046456201,104,0.001539422,312,846
등촌3동,1.11605E+13,37.56053691594946,126.85170165030152,104,0.00155034,473,852
등촌1동,1.11605E+13,37.55845923346894,126.85530263065938,101,0.001506668,648,828
등촌1동,1.11605E+13,37.55414059734505,126.8659449788096,100,0.001481193,512,814
화곡6동,1.11606E+13,37.55449212402465,126.85190426511829,100,0.001484832,724,816
화곡1동,1.11607E+13,37.52894197957195,126.84209881394615,99,0.001473914,608,810
화곡본동,1.11606E+13,37.54596126102049,126.85052660839156,95,0.001406587,346,773
방화2동,1.11607E+13,37.57009399353133,126.80805468042914,95,0.001413866,280,777
화곡본동,1.11606E+13,37.54035959073796,126.8458391,95,0.001406587,331,773
등촌1동,1.11605E+13,37.55917245635546,126.85715581169327,95,0.001410227,440,775
염창동,1.11605E+13,37.552979043883646,126.87124014436701,93,0.001381112,242,759
방화3동,1.11608E+13,37.577739298543236,126.81327477104215,93,0.001382932,622,760
방화3동,1.11608E+13,37.58195464071725,126.82301382268749,92,0.001370195,295,753
화곡본동,1.11606E+13,37.538830136601796,126.8501562204729,90,0.0013429,324,738
등촌1동,1.11605E+13,37.55748957457699,126.85480366893721,89,0.001321064,397,726
염창동,1.11605E+13,37.55418511974645,126.87328056434916,89,0.001321064,260,726
화곡본동,1.11606E+13,37.547467633043375,126.84630909910258,89,0.001328343,532,730
화곡본동,1.11606E+13,37.54400584076142,126.85070508534962,89,0.001328343,329,730
방화1동,1.11607E+13,37.564932183637715,126.81260233310623,87,0.00128831,349,708
방화1동,1.11607E+13,37.573341376612206,126.80519735565682,87,0.00128831,288,708
가양2동,1.11607E+13,37.56313692139768,126.85275554571363,87,0.00129013,560,709
방화3동,1.11608E+13,37.576813254888805,126.81189383280552,87,0.00129013,393,709
염창동,1.11605E+13,37.55083433294249,126.87031873987198,85,0.001255557,401,690
화곡1동,1.11607E+13,37.529863290059076,126.84573741590704,84,0.001242819,464,683
염창동,1.11605E+13,37.5514024,126.87659886894492,84,0.001248278,265,686
염창동,1.11605E+13,37.55151059610349,126.87057923164113,84,0.001248278,218,686
등촌1동,1.11605E+13,37.55667718,126.85653472654427,84,0.001241,532,682
방화1동,1.11607E+13,37.57478298689057,126.80978779821156,84,0.001248278,253,686
등촌2동,1.11605E+13,37.54299503479223,126.85886592869032,83,0.001230082,273,676
가양1동,1.11608E+13,37.57129225217588,126.82622697093242,83,0.00123918,322,681
발산1동,1.11607E+13,37.54949102032953,126.83324753811486,82,0.001217344,233,669
우장산동,1.11607E+13,37.554180395534395,126.84018459616428,82,0.001222803,245,672
화곡6동,1.11606E+13,37.550655546947844,126.84827040271688,82,0.001222803,598,672
화곡본동,1.11606E+13,37.54185003683223,126.84751906000781,82,0.001215525,305,668
화곡1동,1.11607E+13,37.53670296186872,126.83841040841175,82,0.001217344,297,669
등촌1동,1.11605E+13,37.55613623857807,126.86258487557872,81,0.001208246,235,664
방화1동,1.11607E+13,37.56821081327264,126.81869816205949,81,0.001202787,231,661
방화1동,1.11607E+13,37.571626571340836,126.81898271941037,81,0.001197328,260,658
등촌1동,1.11605E+13,37.55234568912705,126.86315897536791,81,0.001200967,472,660
염창동,1.11605E+13,37.54888359263604,126.87214477850806,81,0.001202787,252,661
방화2동,1.11607E+13,37.57001054954758,126.80938588779411,81,0.001197328,277,658
등촌2동,1.11605E+13,37.54181377413599,126.8629076,81,0.001202787,220,661
우장산동,1.11607E+13,37.55627169701083,126.84443361553413,81,0.001195508,238,657
화곡3동,1.11606E+13,37.545974312391714,126.83613448560614,80,0.001182771,480,650
등촌2동,1.11605E+13,37.550498891987345,126.86205344975927,80,0.001182771,354,650
염창동,1.11605E+13,37.55528502,126.8666767320383,80,0.001190049,402,654
등촌1동,1.11605E+13,37.556138665330664,126.85332907448452,80,0.001193689,570,656
화곡8동,1.11606E+13,37.53220933902704,126.85057793360399,80,0.00118823,269,653
염창동,1.11605E+13,37.548236544109045,126.87780680968244,80,0.001180951,512,649
등촌1동,1.11605E+13,37.55282418995693,126.8647565673474,80,0.001190049,357,654
염창동,1.11605E+13,37.552718054511736,126.8692696468216,79,0.001173673,231,645
등촌1동,1.11605E+13,37.55493255852998,126.86464246837744,79,0.001170033,238,643
우장산동,1.11607E+13,37.55395558014557,126.83852124128192,79,0.001166394,250,641
발산1동,1.11607E+13,37.5563939,126.8246840086842,79,0.001179132,185,648
화곡1동,1.11607E+13,37.52908908914774,126.84573738627628,79,0.001170033,378,643
염창동,1.11605E+13,37.55009499295442,126.87766015067399,79,0.001166394,229,641
화곡본동,1.11606E+13,37.539304547370996,126.84912853857388,78,0.001153656,285,634
발산1동,1.11607E+13,37.553276333856786,126.83248297357487,78,0.001162755,249,639
화곡3동,1.11606E+13,37.546368580082074,126.83503342025233,78,0.001164574,262,640
화곡8동,1.11606E+13,37.536144197798166,126.8455847092585,78,0.001162755,311,639
발산1동,1.11607E+13,37.556591072887656,126.82575325888382,78,0.001153656,235,634
염창동,1.11605E+13,37.55525036745919,126.87284065242024,77,0.001140919,197,627
가양1동,1.11608E+13,37.57562407768468,126.83811334194021,77,0.001140919,234,627
가양1동,1.11608E+13,37.56810573277072,126.82386844072872,77,0.00113728,244,625
등촌3동,1.11605E+13,37.56346885115833,126.84751584211897,77,0.001150017,196,632
가양3동,1.11607E+13,37.56231929024098,126.86094094638882,77,0.001140919,449,627
화곡본동,1.11606E+13,37.53882518885051,126.84616930860595,77,0.001142739,302,628
등촌3동,1.11605E+13,37.56373348548361,126.84370817583691,77,0.001144558,207,629
등촌3동,1.11605E+13,37.55951461089751,126.84830240820273,77,0.001150017,322,632
방화1동,1.11607E+13,37.56908792843248,126.81474270567126,77,0.001146378,334,630
방화2동,1.11607E+13,37.56293938482772,126.80805540483773,77,0.001142739,524,628
우장산동,1.11607E+13,37.55276605322554,126.83904145036203,76,0.001128181,205,620
우장산동,1.11607E+13,37.554702923322864,126.8388980204211,76,0.001122722,232,617
등촌1동,1.11605E+13,37.55741532921371,126.8600035405187,76,0.001120903,237,616
화곡4동,1.11606E+13,37.536708841846504,126.8576128672539,76,0.00113364,239,623
화곡8동,1.11606E+13,37.53657587983797,126.84644330991985,76,0.001128181,285,620
화곡2동,1.11606E+13,37.53054249154469,126.85576275412494,76,0.001126362,301,619
화곡본동,1.11606E+13,37.539468864929994,126.85128706041682,76,0.001130001,264,621
화곡2동,1.11606E+13,37.53594341419101,126.85220346790749,76,0.001131821,295,622
방화1동,1.11607E+13,37.57454011320097,126.81439055994576,76,0.001124542,205,618
등촌2동,1.11605E+13,37.545554143360846,126.85956213887515,76,0.00113546,239,624
방화1동,1.11607E+13,37.56904305834006,126.8211296226533,76,0.001124542,198,618
방화2동,1.11607E+13,37.56595045381123,126.80834647281712,76,0.001130001,275,621
화곡1동,1.11607E+13,37.530689707095036,126.84672027739731,76,0.001126362,470,619
화곡8동,1.11606E+13,37.53606870238256,126.85021338213153,75,0.001119083,311,615
우장산동,1.11607E+13,37.544903470570695,126.84135124648363,75,0.001117264,221,614
염창동,1.11605E+13,37.55410291759893,126.87450094584003,75,0.001115444,208,613
가양2동,1.11607E+13,37.564965560793034,126.85585058305558,75,0.001113624,347,612
가양1동,1.11608E+13,37.57067275335572,126.8441785999467,75,0.001108165,206,609
등촌3동,1.11605E+13,37.56021873334804,126.84484749077392,75,0.001119083,285,615
방화2동,1.11607E+13,37.57105974223555,126.81011260308235,75,0.001111805,224,611
발산1동,1.11607E+13,37.558593176296334,126.82534466375348,75,0.001106346,215,608
방화1동,1.11607E+13,37.57467174,126.81536961579174,75,0.001111805,196,611
발산1동,1.11607E+13,37.55232958347522,126.83052959913343,75,0.001117264,218,614
화곡1동,1.11607E+13,37.53638533502608,126.83541739066288,75,0.001115444,280,613
방화2동,1.11607E+13,37.564409617250234,126.81029471188532,75,0.001117264,423,614
화곡1동,1.11607E+13,37.53670563666357,126.84071795132533,75,0.001109985,272,610
방화1동,1.11607E+13,37.573248935385394,126.81426357181027,75,0.001117264,297,614
등촌2동,1.11605E+13,37.53666664196124,126.86286891731739,75,0.001111805,340,611
화곡4동,1.11606E+13,37.53404805861201,126.85880634653304,75,0.001113624,309,612
가양2동,1.11607E+13,37.56568117,126.85594571881992,75,0.001109985,340,610
화곡6동,1.11606E+13,37.55094136680248,126.85603614588433,75,0.001108165,281,609
등촌1동,1.11605E+13,37.557638082598466,126.85690319919854,75,0.001117264,241,614
화곡2동,1.11606E+13,37.53225720439681,126.85401347787648,75,0.001117264,271,614
화곡본동,1.11606E+13,37.53883876129106,126.84473617747612,75,0.001113624,299,612
화곡2동,1.11606E+13,37.53310746097321,126.85158392462364,75,0.001109985,265,610
방화1동,1.11607E+13,37.56953654871308,126.81998859551449,74,0.001099067,197,604
화곡8동,1.11606E+13,37.538117528447664,126.85101726401464,74,0.001097247,258,603
등촌3동,1.11605E+13,37.56324457414424,126.84334030324271,74,0.001100887,207,605
가양3동,1.11607E+13,37.56096589645477,126.85636180034368,74,0.001102706,253,606
가양2동,1.11607E+13,37.56572035260133,126.85170143081065,74,0.001095428,420,602
화곡6동,1.11606E+13,37.554921368593256,126.84811004661653,74,0.001097247,209,603
우장산동,1.11607E+13,37.548082282244195,126.84301188626542,74,0.001099067,200,604
우장산동,1.11607E+13,37.548493164444885,126.83754687833785,74,0.001102706,185,606
가양1동,1.11608E+13,37.57583411390642,126.83745926777326,74,0.001093608,232,601
우장산동,1.11607E+13,37.555564536163274,126.8383175350716,74,0.001093608,201,601
방화3동,1.11608E+13,37.57777903318687,126.81540820446706,74,0.001097247,282,603
화곡1동,1.11607E+13,37.53121863,126.83976649447999,74,0.001097247,281,603
염창동,1.11605E+13,37.54778365245997,126.87481906984985,74,0.001093608,204,601
화곡1동,1.11607E+13,37.53514783857614,126.84301382005619,74,0.001100887,280,605
화곡1동,1.11607E+13,37.53201202734572,126.84549377208954,74,0.001104526,327,607
공항동,1.11607E+13,37.563875623349404,126.81352584653973,74,0.001099067,274,604
발산1동,1.11607E+13,37.55751981685112,126.82734289737512,74,0.001099067,239,604
화곡1동,1.11607E+13,37.53076068684864,126.84341292558493,74,0.001095428,292,602
화곡1동,1.11607E+13,37.53754104236922,126.83603480922802,74,0.001095428,301,602
방화3동,1.11608E+13,37.579284322456736,126.81583231283811,73,0.001089969,212,599
방화3동,1.11608E+13,37.576604473763695,126.81402327508846,73,0.001077231,202,592
방화3동,1.11608E+13,37.57442254,126.81966184379705,73,0.001089969,444,599
가양1동,1.11608E+13,37.571104578465885,126.84473262065167,73,0.001080871,205,594
우장산동,1.11607E+13,37.548120712278845,126.84420209611366,73,0.001088149,286,598
우장산동,1.11607E+13,37.55172254355045,126.83911810796346,73,0.00108269,189,595
우장산동,1.11607E+13,37.547007424792184,126.84144110012097,73,0.00108269,191,595
방화1동,1.11607E+13,37.56558826198038,126.82261546879371,73,0.001077231,194,592
화곡1동,1.11607E+13,37.532050821438254,126.83762801442059,73,0.00108451,281,596
방화2동,1.11607E+13,37.57049343757096,126.80586392551967,73,0.001080871,405,594
화곡1동,1.11607E+13,37.53953206132342,126.83478141572529,73,0.00108451,309,596
공항동,1.11607E+13,37.559343987800936,126.8224366409025,73,0.001080871,175,594
발산1동,1.11607E+13,37.55261309227249,126.83122339670226,73,0.001088149,215,598
발산1동,1.11607E+13,37.550473972281864,126.82597770309684,73,0.00108633,215,597
발산1동,1.11607E+13,37.55048565331476,126.82357800279482,73,0.001088149,197,598
발산1동,1.11607E+13,37.55337925667829,126.82532948859426,73,0.001088149,171,598
공항동,1.11607E+13,37.56053938786691,126.80801730660149,73,0.001079051,214,593
방화1동,1.11607E+13,37.56290628300389,126.81996326900035,73,0.00108269,183,595
공항동,1.11607E+13,37.55906934073884,126.82107776999483,73,0.001088149,191,598
가양3동,1.11607E+13,37.56071179774378,126.85735071510946,73,0.001079051,221,593
화곡2동,1.11606E+13,37.533877644450236,126.85604510350684,73,0.00108451,236,596
가양2동,1.11607E+13,37.56394692208848,126.85409042384192,73,0.00108633,405,597
등촌3동,1.11605E+13,37.56673689019703,126.84138550898172,73,0.00108451,481,596
화곡본동,1.11606E+13,37.540229376431206,126.84801769091932,73,0.001088149,256,598
화곡2동,1.11606E+13,37.53524094943563,126.85168793920762,73,0.001079051,265,593
화곡2동,1.11606E+13,37.53450663847234,126.85428186520626,73,0.001079051,264,593
화곡2동,1.11606E+13,37.534344381253035,126.85179320605914,73,0.00108451,270,596
화곡2동,1.11606E+13,37.53267418834253,126.85540396572283,73,0.001079051,257,593
방화3동,1.11608E+13,37.573961859854734,126.81851864182853,72,0.001075412,461,591
우장산동,1.11607E+13,37.54390135171812,126.83998726424373,72,0.001064494,306,585
방화3동,1.11608E+13,37.57497552021875,126.81820801325536,72,0.001071772,419,589
가양2동,1.11607E+13,37.56245015153178,126.85372111234426,72,0.001069953,204,588
공항동,1.11607E+13,37.55816652285836,126.81308743076697,72,0.001062674,276,584
공항동,1.11607E+13,37.55403980495605,126.81730030157829,72,0.001073592,304,590
방화1동,1.11607E+13,37.564091739904086,126.82509261172827,72,0.001068133,202,587
방화1동,1.11607E+13,37.57156146051956,126.8127914364622,72,0.001062674,289,584
발산1동,1.11607E+13,37.55127872487536,126.82265382263508,72,0.001073592,199,590
화곡1동,1.11607E+13,37.53252049609374,126.84129256053501,72,0.001071772,276,589
화곡본동,1.11606E+13,37.538848974120505,126.84364560032904,72,0.001066313,263,586
화곡3동,1.11606E+13,37.54703601647819,126.83377363064396,72,0.001062674,185,584
방화1동,1.11607E+13,37.57123250288886,126.81450723501635,72,0.001069953,223,588
방화1동,1.11607E+13,37.56560669406814,126.81378392928215,72,0.001064494,256,585
염창동,1.11605E+13,37.55718396561848,126.86638845389379,72,0.001062674,194,584
화곡8동,1.11606E+13,37.53170914964314,126.84977328725128,72,0.001069953,258,588
등촌1동,1.11605E+13,37.556442608033926,126.85435588592762,72,0.001062674,220,584
화곡4동,1.11606E+13,37.53669053638274,126.8584731,72,0.001066313,241,586
공항동,1.11607E+13,37.55770348692304,126.81067357355565,72,0.001068133,303,587
공항동,1.11607E+13,37.55543403513211,126.81382638778236,72,0.001066313,305,586
화곡본동,1.11606E+13,37.540900070096356,126.85012858292419,72,0.001073592,256,590
발산1동,1.11607E+13,37.54962097760918,126.83473329721433,72,0.001069953,247,588
화곡본동,1.11606E+13,37.54690729064345,126.84699548782139,72,0.001064494,396,585
화곡1동,1.11607E+13,37.53509902536638,126.84186457060622,72,0.001062674,238,584
화곡1동,1.11607E+13,37.535310968536656,126.8439888357658,72,0.001073592,244,590
화곡1동,1.11607E+13,37.54076618719077,126.83849148816961,72,0.001066313,350,586
화곡3동,1.11606E+13,37.54218990595329,126.83203822096175,71,0.001048117,200,576
염창동,1.11605E+13,37.547871767555364,126.87286880858552,71,0.001049937,219,577
가양3동,1.11607E+13,37.55987709562732,126.86148522001201,71,0.001055396,294,580
등촌3동,1.11605E+13,37.561240443459674,126.84360727796233,71,0.001059035,417,582
우장산동,1.11607E+13,37.55058634406256,126.83938382539833,71,0.001055396,181,580
우장산동,1.11607E+13,37.54904572097461,126.83988840369368,71,0.001053576,186,579
화곡8동,1.11606E+13,37.536041527617435,126.84470431688149,71,0.001053576,222,579
화곡3동,1.11606E+13,37.54611623121119,126.83366071438704,71,0.001053576,223,579
공항동,1.11607E+13,37.55974289763767,126.81171085346487,71,0.001051756,322,578
등촌1동,1.11605E+13,37.55535666596199,126.85588900473373,71,0.001051756,295,578
발산1동,1.11607E+13,37.557813481181576,126.82394050729872,71,0.001057215,184,581
발산1동,1.11607E+13,37.55294677891305,126.83392526329688,71,0.001049937,252,577
가양3동,1.11607E+13,37.56140152523098,126.86116062404783,71,0.001051756,402,578
등촌2동,1.11605E+13,37.542984280115164,126.86163753313754,71,0.001060854,212,583
등촌1동,1.11605E+13,37.55615499617792,126.85656999230616,71,0.001055396,226,580
공항동,1.11607E+13,37.56230818278022,126.82012019733227,71,0.001059035,200,582
염창동,1.11605E+13,37.55568085,126.86947880695021,71,0.001049937,182,577
화곡8동,1.11606E+13,37.53448237418975,126.85074872984244,71,0.001059035,254,582
공항동,1.11607E+13,37.56155564276965,126.81483370126725,71,0.001059035,284,582
화곡2동,1.11606E+13,37.53153967138844,126.85222819005043,71,0.001049937,250,577
화곡4동,1.11606E+13,37.53626953769212,126.85944279649424,71,0.001051756,262,578
가양3동,1.11607E+13,37.56152453833055,126.85709924005621,71,0.001055396,315,580
발산1동,1.11607E+13,37.55181521717206,126.8337005096867,71,0.001060854,212,583
염창동,1.11605E+13,37.548397645296525,126.87348289441464,71,0.001060854,197,583
화곡1동,1.11607E+13,37.53110713368894,126.84064594194176,71,0.001055396,259,580
가양3동,1.11607E+13,37.56023864177613,126.85841196673016,71,0.001055396,390,580
화곡4동,1.11606E+13,37.54006811114711,126.85639757638073,71,0.001048117,260,576
화곡1동,1.11607E+13,37.533834442266354,126.83784513942639,71,0.001049937,204,577
가양3동,1.11607E+13,37.56239060014613,126.8596977,70,0.001039019,234,571
가양3동,1.11607E+13,37.55952914549688,126.86059192021102,70,0.001042658,322,573
염창동,1.11605E+13,37.55423396191232,126.86827900771944,70,0.001040838,205,572
우장산동,1.11607E+13,37.54690175962869,126.84455639604475,70,0.001037199,274,570
화곡1동,1.11607E+13,37.537086230545974,126.84236779419581,70,0.001044478,286,574
우장산동,1.11607E+13,37.54816501288417,126.84072408253469,70,0.001035379,189,569
화곡6동,1.11606E+13,37.551849745989564,126.8536234007058,70,0.001037199,268,570
우장산동,1.11607E+13,37.54629281327101,126.84179355504675,70,0.001037199,190,570
가양1동,1.11608E+13,37.572163256874795,126.84576979195323,70,0.001044478,200,574
방화1동,1.11607E+13,37.565029328819534,126.82152821807296,70,0.001046297,177,575
방화1동,1.11607E+13,37.569812090838866,126.82160579022529,70,0.001042658,192,573
등촌3동,1.11605E+13,37.55988368790237,126.84717276588057,70,0.001046297,196,575
등촌1동,1.11605E+13,37.556822207560494,126.85948713555675,70,0.001037199,374,570
방화2동,1.11607E+13,37.566708266346616,126.80683611574382,70,0.001039019,286,571
등촌2동,1.11605E+13,37.54432503,126.85886575888817,70,0.001040838,197,572
방화2동,1.11607E+13,37.57022564821036,126.81099732151714,70,0.001044478,264,574
공항동,1.11607E+13,37.56253849512127,126.81710430108619,70,0.001046297,207,575
화곡1동,1.11607E+13,37.53181716685995,126.84183948148177,70,0.001040838,298,572
발산1동,1.11607E+13,37.55621546872849,126.82717462269906,70,0.001042658,206,573
화곡본동,1.11606E+13,37.546945430288595,126.84938763187361,70,0.001040838,269,572
화곡본동,1.11606E+13,37.540782579584004,126.84395761226945,70,0.00103356,251,568
화곡1동,1.11607E+13,37.531330659451356,126.84619222739242,70,0.001046297,305,575
공항동,1.11607E+13,37.56123748841137,126.8200895059343,69,0.001022642,169,562
염창동,1.11605E+13,37.55539023538125,126.86871566449288,69,0.001020822,230,561
화곡8동,1.11606E+13,37.535498953649075,126.84988498212017,69,0.00102992,240,566
가양3동,1.11607E+13,37.56054423632032,126.8611299078003,69,0.001020822,327,561
가양2동,1.11607E+13,37.56534343010456,126.85263677726579,69,0.001024462,397,563
화곡8동,1.11606E+13,37.534077907051454,126.84834826969357,69,0.001024462,249,563
화곡8동,1.11606E+13,37.53824498180822,126.84701545914407,69,0.001019003,253,560
등촌2동,1.11605E+13,37.55145898,126.8625356348993,69,0.001017183,334,559
가양1동,1.11608E+13,37.56737127451828,126.84557506145215,69,0.001017183,448,559
염창동,1.11605E+13,37.550668082073685,126.86637787828823,69,0.001019003,496,560
화곡2동,1.11606E+13,37.533202871181615,126.85488916898551,69,0.001020822,225,561
화곡2동,1.11606E+13,37.531576409478646,126.85464691634608,69,0.001019003,264,560
화곡3동,1.11606E+13,37.543055759309155,126.83541704662237,69,0.001028101,244,565
방화2동,1.11607E+13,37.56896528348771,126.80958234885996,69,0.001019003,232,560
화곡1동,1.11607E+13,37.529509702432634,126.84247890291643,69,0.001022642,384,562
화곡1동,1.11607E+13,37.53033184014757,126.83953755739174,69,0.001020822,228,561
화곡8동,1.11606E+13,37.534145428467866,126.8499044068147,69,0.001017183,224,559
가양2동,1.11607E+13,37.56372783611155,126.85526622006117,69,0.001022642,352,562
화곡4동,1.11606E+13,37.53413906859723,126.86176132519036,69,0.001026281,252,564
염창동,1.11605E+13,37.55131252656413,126.86743055687442,69,0.001017183,194,559
화곡1동,1.11607E+13,37.53387970278003,126.84109973975183,69,0.00102992,256,566
화곡1동,1.11607E+13,37.53576334383758,126.83991151859382,69,0.00103174,309,567
등촌2동,1.11605E+13,37.54947681571612,126.86120683971265,69,0.001026281,215,564
화곡4동,1.11606E+13,37.53469949636356,126.8613021026632,69,0.001019003,275,560
화곡6동,1.11606E+13,37.55368818,126.84930380842351,69,0.001026281,267,564
화곡4동,1.11606E+13,37.53042643881313,126.85913367397525,69,0.001028101,264,565
발산1동,1.11607E+13,37.55286532226334,126.82492548417092,69,0.001017183,171,559
공항동,1.11607E+13,37.563460609230695,126.81245391398882,69,0.001024462,310,563
등촌1동,1.11605E+13,37.55162899019725,126.8646641,69,0.001028101,478,565
화곡3동,1.11606E+13,37.546172485370526,126.83228306470231,69,0.001019003,186,560
화곡본동,1.11606E+13,37.541425829002485,126.84582924208883,69,0.001020822,231,561
방화3동,1.11608E+13,37.57868583921903,126.81020263103908,68,0.001011724,386,556
가양1동,1.11608E+13,37.57105534589423,126.83978647079003,68,0.001008085,291,554
방화3동,1.11608E+13,37.57736135613268,126.81741154222865,68,0.001013544,206,557
화곡본동,1.11606E+13,37.545717927868324,126.84668484724043,68,0.001002626,356,551
등촌3동,1.11605E+13,37.56164676,126.84245808266209,68,0.001008085,398,554
등촌3동,1.11605E+13,37.562292775606785,126.84323446259944,68,0.001004445,367,552
공항동,1.11607E+13,37.55915501591949,126.82322041956077,68,0.001011724,181,556
등촌2동,1.11605E+13,37.547164581266365,126.86073296401536,68,0.001015363,269,558
화곡8동,1.11606E+13,37.53659351742282,126.84786738419254,68,0.001015363,258,558
방화1동,1.11607E+13,37.56987768861777,126.81606399342104,68,0.001004445,218,552
화곡2동,1.11606E+13,37.530769348053134,126.85265713256244,68,0.001013544,293,557
가양3동,1.11607E+13,37.56218388,126.85777468386989,68,0.001009904,321,555
화곡4동,1.11606E+13,37.535992585341326,126.86126181733249,68,0.001002626,249,551
화곡1동,1.11607E+13,37.53428326429758,126.84006428663969,68,0.001008085,240,554
발산1동,1.11607E+13,37.55146463586313,126.82729136256339,68,0.001015363,225,558
화곡1동,1.11607E+13,37.53345417,126.83685035528944,68,0.001004445,199,552
화곡1동,1.11607E+13,37.532641217092824,126.84329034988056,68,0.001011724,296,556
화곡본동,1.11606E+13,37.54075946010696,126.84489828287407,68,0.001009904,247,555
화곡1동,1.11607E+13,37.52957263155505,126.84324660095828,68,0.001009904,310,555
발산1동,1.11607E+13,37.547832539717966,126.82323970368478,68,0.001013544,224,557
발산1동,1.11607E+13,37.55153765454033,126.82417423519578,68,0.001008085,173,554
화곡본동,1.11606E+13,37.54694254557539,126.84811707911531,68,0.001009904,357,555
화곡1동,1.11607E+13,37.52895508314071,126.84333895881583,68,0.001006265,321,553
등촌1동,1.11605E+13,37.55432275048067,126.86069006493534,68,0.001008085,196,554
화곡1동,1.11607E+13,37.53837423471293,126.83544569116397,68,0.001011724,257,556
화곡1동,1.11607E+13,37.540328591142114,126.8409780225009,68,0.001006265,370,553
공항동,1.11607E+13,37.559453852311364,126.8087420057865,68,0.001011724,299,556
염창동,1.11605E+13,37.55340527753372,126.87483981658521,67,0.000989888,179,544
가양2동,1.11607E+13,37.56193814,126.85451714567202,67,0.000988069,199,543
가양3동,1.11607E+13,37.55903280465638,126.86404040010537,67,0.000997167,323,548
등촌3동,1.11605E+13,37.56429553720832,126.84559309451757,67,0.000988069,164,543
우장산동,1.11607E+13,37.555580707564815,126.84193974896476,67,0.000989888,189,544
등촌3동,1.11605E+13,37.56132951805903,126.84544035487275,67,0.000998986,202,549
화곡본동,1.11606E+13,37.54395699899859,126.84470714389678,67,0.000991708,250,545
화곡6동,1.11606E+13,37.55247549126141,126.84646818609332,67,0.000988069,204,543
발산1동,1.11607E+13,37.55067394722026,126.83300362631216,67,0.000988069,219,543
우장산동,1.11607E+13,37.552438485278486,126.83825345139347,67,0.000995347,249,547
화곡본동,1.11606E+13,37.54359541918962,126.84878308367102,67,0.000993528,225,546
화곡1동,1.11607E+13,37.53796859994507,126.83777838169505,67,0.000991708,254,545
화곡1동,1.11607E+13,37.53538197571696,126.84245906609054,67,0.000998986,239,549
화곡2동,1.11606E+13,37.533181373711315,126.8537511114444,67,0.000995347,258,547
등촌2동,1.11605E+13,37.544552651295675,126.86012087907052,67,0.000989888,186,544
등촌2동,1.11605E+13,37.54412334723951,126.86121525083998,67,0.000991708,187,545
화곡2동,1.11606E+13,37.53415331883529,126.85649295123548,67,0.000991708,222,545
방화1동,1.11607E+13,37.56857137197057,126.81363728038725,67,0.000998986,269,549
염창동,1.11605E+13,37.55173080153064,126.87469975654307,67,0.000989888,170,544
염창동,1.11605E+13,37.55036509363847,126.8780030649019,67,0.000993528,187,546
화곡8동,1.11606E+13,37.53146695250401,126.84842238460716,67,0.000993528,267,546
화곡8동,1.11606E+13,37.53101206475894,126.84868209497029,67,0.000997167,241,548
화곡8동,1.11606E+13,37.534563523243655,126.84575827122343,67,0.000993528,289,546
염창동,1.11605E+13,37.55583174487945,126.87233435726496,67,0.000998986,186,549
염창동,1.11605E+13,37.5580179,126.86610923077191,67,0.001000806,205,550
염창동,1.11605E+13,37.55214101376454,126.87346111671249,67,0.000998986,161,549
가양1동,1.11608E+13,37.56785396,126.84960013981326,67,0.000988069,215,543
염창동,1.11605E+13,37.556154696192806,126.87081437948622,66,0.000973511,175,535
가양1동,1.11608E+13,37.57462578651665,126.83765000949562,66,0.00097897,173,538
화곡3동,1.11606E+13,37.54187177454277,126.83653731273269,66,0.000975331,276,536
공항동,1.11607E+13,37.55788691261249,126.81852669004925,66,0.000986249,184,542
방화1동,1.11607E+13,37.57227039655273,126.81324606659376,66,0.000973511,201,535
방화1동,1.11607E+13,37.57324018454353,126.80609632317268,66,0.000984429,201,541
공항동,1.11607E+13,37.55838624664392,126.81958736304847,66,0.000973511,175,535
화곡8동,1.11606E+13,37.53755093119761,126.85072664845893,66,0.000977151,253,537
등촌3동,1.11605E+13,37.56203073853648,126.84697876130915,66,0.00098079,171,539
등촌3동,1.11605E+13,37.56279420644796,126.8465761359038,66,0.00098079,159,539
방화3동,1.11608E+13,37.57508901971178,126.8198684708493,66,0.000986249,255,542
방화3동,1.11608E+13,37.57564199777001,126.81258060955318,66,0.000973511,237,535
화곡8동,1.11606E+13,37.53792128482038,126.84553005137202,66,0.00098261,307,540
화곡8동,1.11606E+13,37.533001033936074,126.8509315547085,66,0.000973511,217,535
등촌1동,1.11605E+13,37.555061732639714,126.85977169222541,66,0.000986249,265,542
화곡3동,1.11606E+13,37.54248926997075,126.83058000739149,66,0.000973511,183,535
화곡4동,1.11606E+13,37.53506490831074,126.85628843606172,66,0.000977151,233,537
발산1동,1.11607E+13,37.54824087402548,126.82173857468257,66,0.00098261,175,540
발산1동,1.11607E+13,37.548485523216755,126.82305409158141,66,0.00097897,232,538
화곡본동,1.11606E+13,37.53982168108879,126.84605822445589,66,0.000986249,250,542
화곡1동,1.11607E+13,37.53384417817069,126.84323949066966,66,0.000973511,251,535
화곡1동,1.11607E+13,37.54009430674859,126.84011701064816,66,0.000975331,255,536
화곡1동,1.11607E+13,37.532433027685386,126.84461643869506,66,0.00098079,282,539
발산1동,1.11607E+13,37.55415182754261,126.83087861746058,66,0.000975331,240,536
등촌1동,1.11605E+13,37.555272501333285,126.8624800075801,66,0.00097897,191,538
등촌3동,1.11605E+13,37.560813022686595,126.84896604918362,66,0.000977151,405,537
화곡4동,1.11606E+13,37.53381094194691,126.86282065634344,66,0.000986249,251,542
우장산동,1.11607E+13,37.546821521006606,126.83969636657505,66,0.00097897,185,538
화곡6동,1.11606E+13,37.54879818,126.85089492762461,66,0.000973511,255,535
우장산동,1.11607E+13,37.550481696380885,126.83712647216878,66,0.000984429,175,541
가양1동,1.11608E+13,37.570232522729164,126.84824744321182,65,0.000958954,294,527
가양1동,1.11608E+13,37.56979131672584,126.84725564752846,65,0.000971692,234,534
화곡본동,1.11606E+13,37.53987923468463,126.84222583786772,65,0.000962594,293,529
발산1동,1.11607E+13,37.551083369071875,126.83145760834519,65,0.000964413,213,530
화곡1동,1.11607E+13,37.53114655760696,126.84565373270424,65,0.000964413,279,530
화곡2동,1.11606E+13,37.530298374150355,126.85410034278917,65,0.000971692,229,534
화곡3동,1.11606E+13,37.54463279084656,126.83378047575302,65,0.000971692,247,534
방화1동,1.11607E+13,37.572957578098865,126.82138448363648,65,0.000964413,201,530
등촌1동,1.11605E+13,37.55373408580983,126.86079460941794,65,0.000958954,210,527
화곡3동,1.11606E+13,37.54207154,126.83516963540963,65,0.000968052,258,532
방화1동,1.11607E+13,37.57468468270183,126.81126787652599,65,0.000958954,233,527
방화1동,1.11607E+13,37.57066925161776,126.81572678377492,65,0.000962594,268,529
우장산동,1.11607E+13,37.55333596743778,126.83973324766325,65,0.000969872,198,533
염창동,1.11605E+13,37.55480601,126.8734309,65,0.000968052,164,532
방화2동,1.11607E+13,37.56837892043645,126.80817540197278,65,0.000968052,182,532
발산1동,1.11607E+13,37.55384857894658,126.82726017552362,65,0.000964413,164,530
공항동,1.11607E+13,37.55848131118552,126.80992671248086,65,0.000971692,272,534
방화2동,1.11607E+13,37.567490035208245,126.80810351637382,65,0.000958954,215,527
화곡6동,1.11606E+13,37.54683676035036,126.85368738822494,65,0.000966233,229,531
화곡8동,1.11606E+13,37.53247025562802,126.84812011201457,65,0.000969872,251,533
가양1동,1.11608E+13,37.57289650827135,126.84413497644833,64,0.000951676,173,523
화곡8동,1.11606E+13,37.53001866826201,126.85008198406545,64,0.000951676,260,523
화곡6동,1.11606E+13,37.554934488516125,126.84990413892776,64,0.000951676,189,523
우장산동,1.11607E+13,37.54937734630519,126.83922715764132,64,0.000944397,164,519
등촌3동,1.11605E+13,37.56066634321933,126.84087872105198,64,0.000944397,201,519
우장산동,1.11607E+13,37.54748302559607,126.84248902197817,64,0.000949856,168,522
화곡1동,1.11607E+13,37.53363105747898,126.84259290672779,64,0.000946217,269,520
등촌2동,1.11605E+13,37.543602884094675,126.85859064562679,64,0.000957135,181,526
발산1동,1.11607E+13,37.55107837040244,126.82397646091108,64,0.000948036,162,521
등촌2동,1.11605E+13,37.54354720015273,126.86129602436752,64,0.000946217,174,520
화곡본동,1.11606E+13,37.539974929228705,126.85007207928388,64,0.000948036,231,521
화곡본동,1.11606E+13,37.539914626042844,126.8428921145634,64,0.000955315,255,525
공항동,1.11607E+13,37.56281942742415,126.81177874133395,64,0.000946217,251,520
공항동,1.11607E+13,37.554751539835294,126.81357668695284,64,0.000955315,274,525
등촌3동,1.11605E+13,37.561653159993874,126.84115705503362,64,0.000957135,206,526
우장산동,1.11607E+13,37.54892647632347,126.83808153009196,64,0.000946217,163,520
화곡3동,1.11606E+13,37.544297247098555,126.83192657348432,64,0.000951676,173,523
방화1동,1.11607E+13,37.563882805244575,126.82126339875637,64,0.000944397,165,519
등촌1동,1.11605E+13,37.55689242471596,126.85828509480055,64,0.000957135,324,526
화곡6동,1.11606E+13,37.55404626081315,126.85457419668496,64,0.000957135,183,526
화곡8동,1.11606E+13,37.52936843685774,126.8491202639232,64,0.000946217,275,520
화곡8동,1.11606E+13,37.53730417,126.85199707587817,64,0.000946217,220,520
화곡1동,1.11607E+13,37.530162606348405,126.84344958223636,64,0.000957135,215,526
화곡6동,1.11606E+13,37.553169264665264,126.84959614033913,64,0.000946217,355,520
가양1동,1.11608E+13,37.573011309340586,126.83871806287942,64,0.000955315,264,525
우장산동,1.11607E+13,37.54671512766601,126.84261050120047,64,0.000957135,175,526
가양3동,1.11607E+13,37.558345547778295,126.8637344805192,64,0.000946217,309,520
가양2동,1.11607E+13,37.56446732478881,126.85259727676838,64,0.000953495,353,524
가양3동,1.11607E+13,37.559881635083514,126.86252502985765,64,0.000944397,266,519
화곡6동,1.11606E+13,37.55630759214367,126.84661719821767,64,0.000948036,192,521
화곡4동,1.11606E+13,37.533570297321155,126.8577709181543,64,0.000951676,238,523
화곡6동,1.11606E+13,37.55617957608085,126.84925121979242,64,0.000949856,193,522
가양3동,1.11607E+13,37.56167843624049,126.86205440751382,64,0.000953495,344,524
가양3동,1.11607E+13,37.562140564325134,126.85642723843898,64,0.000957135,233,526
발산1동,1.11607E+13,37.549917958373214,126.83377263571973,64,0.000951676,201,523
화곡4동,1.11606E+13,37.53353734161232,126.85929501908683,64,0.000944397,246,519
등촌2동,1.11605E+13,37.54495964689025,126.86089283297504,64,0.000944397,176,519
화곡4동,1.11606E+13,37.53805484030694,126.86036197935519,64,0.000949856,247,522
염창동,1.11605E+13,37.552836008962075,126.87277068438914,63,0.000942577,165,518
방화3동,1.11608E+13,37.57997859155121,126.81156004141808,63,0.00092984,179,511
화곡3동,1.11606E+13,37.54296237426175,126.83246536328836,63,0.000935299,178,514
등촌1동,1.11605E+13,37.55360580858933,126.86524188510784,63,0.000935299,326,514
화곡6동,1.11606E+13,37.55380457881907,126.85381537803687,63,0.00092984,265,511
등촌2동,1.11605E+13,37.538093089370406,126.86323222254856,63,0.000937118,245,515
방화1동,1.11607E+13,37.57300719923028,126.81956864316967,63,0.000942577,198,518
화곡2동,1.11606E+13,37.53512725579495,126.8551376858579,63,0.000937118,251,515
방화1동,1.11607E+13,37.56893396794562,126.8159322849465,63,0.000937118,229,515
방화1동,1.11607E+13,37.56467453048666,126.82036525300742,63,0.00092802,178,510
공항동,1.11607E+13,37.559390177377594,126.81108410654063,63,0.000942577,283,518
방화2동,1.11607E+13,37.56818864,126.80965649831552,63,0.000940758,232,517
방화1동,1.11607E+13,37.56530073822133,126.82428262367618,63,0.000933479,151,513
등촌1동,1.11605E+13,37.55704588325789,126.85369354017855,63,0.000940758,373,517
방화2동,1.11607E+13,37.57126194071075,126.80784845442543,63,0.000940758,258,517
화곡본동,1.11606E+13,37.544396521593406,126.84911693574988,63,0.00092984,191,511
화곡1동,1.11607E+13,37.528776841581724,126.84423115195706,63,0.000937118,383,515
화곡1동,1.11607E+13,37.535759013710226,126.83742473456947,63,0.000935299,238,514
화곡1동,1.11607E+13,37.528834830042086,126.84077028323169,63,0.000942577,281,518
화곡1동,1.11607E+13,37.527274825746176,126.84120175312361,63,0.000940758,262,517
발산1동,1.11607E+13,37.554553380760375,126.83154840754514,63,0.00092802,163,510
발산1동,1.11607E+13,37.55200352238718,126.82488678967661,63,0.00093166,161,512
염창동,1.11605E+13,37.548949355761444,126.87428785209426,63,0.000935299,170,514
화곡1동,1.11607E+13,37.53910226650668,126.84133339120557,63,0.000938938,252,516
공항동,1.11607E+13,37.56367191522135,126.81556623605745,63,0.00092984,214,511
화곡본동,1.11606E+13,37.54845051685153,126.8478350448347,63,0.00092802,331,510
화곡1동,1.11607E+13,37.52966876,126.84484800911211,63,0.00092802,260,510
발산1동,1.11607E+13,37.54851769120592,126.83505097392508,63,0.000937118,165,515
화곡4동,1.11606E+13,37.53475588003668,126.8575048246231,63,0.000935299,224,514
발산1동,1.11607E+13,37.551248418296474,126.83226154249101,63,0.000937118,190,515
우장산동,1.11607E+13,37.54566037979171,126.84400250217799,63,0.00093166,250,512
화곡1동,1.11607E+13,37.531539479065536,126.84265576700014,63,0.00093166,236,512
우장산동,1.11607E+13,37.55292898350768,126.84050476098096,63,0.000937118,185,515
등촌3동,1.11605E+13,37.56422442728715,126.84414344077652,63,0.00093166,170,512
화곡1동,1.11607E+13,37.532902838832676,126.8402170063698,63,0.00092984,252,511
가양2동,1.11607E+13,37.56280583860645,126.8547711855115,63,0.000938938,355,516
가양2동,1.11607E+13,37.56481124542477,126.85100401603708,63,0.00092802,340,510
우장산동,1.11607E+13,37.55627959791286,126.84127224871588,63,0.00092802,163,510
우장산동,1.11607E+13,37.55748685458214,126.84304886430517,63,0.000935299,225,514
등촌3동,1.11605E+13,37.56443748024839,126.8424927244093,63,0.000942577,299,518
우장산동,1.11607E+13,37.55018775407792,126.83814679091772,63,0.000940758,158,517
등촌3동,1.11605E+13,37.561798766383234,126.8443711351005,63,0.000935299,289,514
화곡6동,1.11606E+13,37.547418885318805,126.85146598794512,63,0.000942577,259,518
가양2동,1.11607E+13,37.56774857852136,126.85455459432316,63,0.00092802,414,510
화곡8동,1.11606E+13,37.53372045376761,126.8470388166059,63,0.00092802,265,510
화곡8동,1.11606E+13,37.534818113531074,126.84658236843707,63,0.000942577,291,518
화곡8동,1.11606E+13,37.53323686212355,126.8492281020111,63,0.00092984,234,511
방화3동,1.11608E+13,37.57869434937134,126.81159945279597,63,0.000933479,268,513
가양1동,1.11608E+13,37.57188707378287,126.84494942993045,62,0.000915283,177,503
화곡2동,1.11606E+13,37.53455017,126.85328068595037,62,0.000915283,215,503
화곡1동,1.11607E+13,37.53127519339341,126.84325076751003,62,0.000926201,261,509
화곡8동,1.11606E+13,37.53829738,126.84887615305664,62,0.000918922,237,505
화곡6동,1.11606E+13,37.54625941041662,126.85188163062737,62,0.000922561,258,507
방화1동,1.11607E+13,37.56994070824869,126.81437637697995,62,0.000913463,197,502
우장산동,1.11607E+13,37.54402083397027,126.84118913948546,62,0.000924381,269,508
화곡2동,1.11606E+13,37.53244987,126.8571844560427,62,0.000917102,227,504
화곡6동,1.11606E+13,37.55399358859961,126.84741963046801,62,0.000917102,180,504
등촌1동,1.11605E+13,37.55601678570837,126.85826079757823,62,0.000915283,188,503
등촌1동,1.11605E+13,37.55792393451143,126.85758077141087,62,0.000918922,181,505
발산1동,1.11607E+13,37.556420104890684,126.82834219674069,62,0.000918922,151,505
우장산동,1.11607E+13,37.54889022898964,126.8388459131027,62,0.000915283,155,503
우장산동,1.11607E+13,37.54965280165129,126.83856588492466,62,0.000918922,159,505
등촌3동,1.11605E+13,37.56046554853116,126.85115580583408,62,0.000918922,363,505
염창동,1.11605E+13,37.55773096724238,126.86543312873161,62,0.000915283,159,503
화곡4동,1.11606E+13,37.53060608,126.86090885517109,62,0.000913463,244,502
가양2동,1.11607E+13,37.56696357421646,126.85411227270009,62,0.000926201,175,509
가양2동,1.11607E+13,37.566091350546245,126.85453249205669,62,0.000920742,175,506
우장산동,1.11607E+13,37.546039025363946,126.84088818120665,62,0.000926201,182,509
공항동,1.11607E+13,37.56112930451433,126.81899560827607,62,0.000926201,149,509
화곡3동,1.11606E+13,37.54476284600561,126.83223863348576,62,0.000913463,168,502
화곡3동,1.11606E+13,37.54548344510187,126.83307722336689,62,0.000920742,191,506
화곡6동,1.11606E+13,37.54924323268019,126.8494477667255,62,0.000922561,246,507
우장산동,1.11607E+13,37.55651258413476,126.84002366079783,62,0.000913463,147,502
공항동,1.11607E+13,37.55740116256499,126.8195811421253,62,0.000926201,185,509
화곡3동,1.11606E+13,37.54330080293587,126.83478548759113,62,0.000922561,228,507
방화3동,1.11608E+13,37.58044231058519,126.81316066067022,62,0.000918922,166,505
등촌2동,1.11605E+13,37.55013763800824,126.85995893227675,62,0.000926201,224,509
등촌3동,1.11605E+13,37.564984391584076,126.84177980871138,62,0.000917102,389,504
화곡본동,1.11606E+13,37.547430533640934,126.84750098949617,61,0.000898906,252,494
등촌2동,1.11605E+13,37.550972486661614,126.85912859195068,61,0.000908004,228,499
염창동,1.11605E+13,37.55087609881398,126.87567976496992,61,0.000906184,243,498
우장산동,1.11607E+13,37.54996846798365,126.83948199326619,61,0.000902545,160,496
발산1동,1.11607E+13,37.55713761137531,126.82344182092835,61,0.000906184,152,498
등촌3동,1.11605E+13,37.56493748396968,126.84310837868625,61,0.000911643,305,501
우장산동,1.11607E+13,37.547674424279556,126.84089275221525,61,0.000908004,174,499
화곡4동,1.11606E+13,37.53325719469995,126.86034541901017,61,0.000909824,239,500
화곡1동,1.11607E+13,37.527972580295824,126.84525205031558,61,0.000902545,307,496
방화1동,1.11607E+13,37.56417769220614,126.82223727423691,61,0.000898906,158,494
화곡6동,1.11606E+13,37.55044084170254,126.8488285195773,61,0.000911643,178,501
화곡6동,1.11606E+13,37.55070682564229,126.85117400749708,61,0.000906184,289,498
방화1동,1.11607E+13,37.56350219665202,126.81983520503847,61,0.000902545,165,496
화곡1동,1.11607E+13,37.528004878219015,126.84118785193198,61,0.000908004,265,499
방화3동,1.11608E+13,37.573567681678156,126.81965080755806,61,0.000902545,305,496
화곡본동,1.11606E+13,37.539909409460506,126.84912819196572,61,0.000904365,225,497
발산1동,1.11607E+13,37.551416253737834,126.83580036918242,61,0.000898906,188,494
가양3동,1.11607E+13,37.56376430790729,126.86010662761994,61,0.000900725,262,495
화곡6동,1.11606E+13,37.55551891943379,126.84800955466275,61,0.000911643,174,501
우장산동,1.11607E+13,37.548194243952146,126.83910376651833,61,0.000906184,157,498
염창동,1.11605E+13,37.55240255105142,126.87521641367987,61,0.000904365,169,497
가양2동,1.11607E+13,37.564220525087606,126.85618223261856,61,0.000909824,233,500
화곡6동,1.11606E+13,37.549106006131126,126.85302700160005,61,0.000904365,218,497
발산1동,1.11607E+13,37.554812727715486,126.82879181706046,61,0.000902545,333,496
가양1동,1.11608E+13,37.57376458154711,126.83661902888376,61,0.000904365,345,497
공항동,1.11607E+13,37.561618811582434,126.81843045710161,61,0.000900725,177,495
공항동,1.11607E+13,37.55985261244152,126.82132888896305,61,0.000898906,144,494
염창동,1.11605E+13,37.54908416680419,126.87074412257672,60,0.000893447,177,491
염창동,1.11605E+13,37.55175018646948,126.86681420667158,60,0.000893447,157,491
화곡본동,1.11606E+13,37.53970966316343,126.84386284053711,60,0.000891627,215,490
우장산동,1.11607E+13,37.55302252033745,126.83727568655613,60,0.000889808,197,489
염창동,1.11605E+13,37.551641823182855,126.86599237225938,60,0.000897086,287,493
화곡3동,1.11606E+13,37.54372505862982,126.83369798957355,60,0.000893447,197,491
화곡1동,1.11607E+13,37.53465674630688,126.84099039586916,60,0.000897086,241,493
가양1동,1.11608E+13,37.56895061007896,126.8421123874559,60,0.000887988,174,488
가양1동,1.11608E+13,37.57182439202059,126.84340728555635,60,0.000886168,177,487
화곡1동,1.11607E+13,37.53113526679716,126.84469195543221,60,0.000897086,210,493
가양1동,1.11608E+13,37.56690141,126.8500354734275,60,0.000887988,161,488
화곡6동,1.11606E+13,37.55310175806395,126.85221351394885,60,0.000886168,233,487
방화1동,1.11607E+13,37.57298814281227,126.81576618592413,60,0.000889808,237,489
화곡3동,1.11606E+13,37.545276276359424,126.83546547977754,60,0.000891627,208,490
공항동,1.11607E+13,37.561071695200454,126.81733371261018,60,0.000889808,141,489
등촌1동,1.11605E+13,37.555758534637846,126.86413097242924,60,0.000893447,182,491
화곡4동,1.11606E+13,37.535171257294344,126.8595734744919,60,0.000889808,190,489
공항동,1.11607E+13,37.55686384112436,126.81424109777403,60,0.000889808,257,489
발산1동,1.11607E+13,37.554437543552844,126.8277510773464,60,0.000889808,160,489
가양3동,1.11607E+13,37.56363561647585,126.85793970723883,60,0.000895267,223,492
발산1동,1.11607E+13,37.554637124239605,126.8303368407962,60,0.000887988,240,488
가양2동,1.11607E+13,37.56607626988417,126.85343555856285,60,0.000891627,177,490
공항동,1.11607E+13,37.55707852829543,126.81568852607785,60,0.000895267,250,492
우장산동,1.11607E+13,37.544671237881104,126.83936944205833,60,0.000886168,171,487
화곡4동,1.11606E+13,37.53813940538644,126.85666009688927,60,0.000895267,186,492
등촌3동,1.11605E+13,37.56064594470058,126.8443464112456,60,0.000886168,175,487
발산1동,1.11607E+13,37.54996440397333,126.83557702652595,60,0.000891627,247,490
발산1동,1.11607E+13,37.551020839717516,126.8337330479833,60,0.000891627,198,490
화곡4동,1.11606E+13,37.53775064591515,126.85928870433177,60,0.000887988,242,488
발산1동,1.11607E+13,37.55209045252713,126.83491104611221,60,0.000897086,191,493
화곡6동,1.11606E+13,37.555588911680026,126.84928504616781,60,0.000893447,184,491
화곡1동,1.11607E+13,37.53840888964586,126.83996394015176,60,0.000895267,229,492
등촌2동,1.11605E+13,37.54666656693837,126.86240404834565,60,0.000893447,226,491
염창동,1.11605E+13,37.55161525446718,126.87187919463516,60,0.000886168,176,487
화곡1동,1.11607E+13,37.533325392976785,126.84451340484549,59,0.000873431,246,480
화곡8동,1.11606E+13,37.533961255472676,126.84932614567411,59,0.000873431,215,480
가양1동,1.11608E+13,37.56597477202748,126.84940083971956,59,0.000882529,159,485
화곡본동,1.11606E+13,37.539121195756586,126.84764217448793,59,0.00087525,224,481
방화2동,1.11607E+13,37.56970298404255,126.80684029092848,59,0.000869791,223,478
등촌3동,1.11605E+13,37.559251823770076,126.84659300980822,59,0.000869791,162,478
화곡1동,1.11607E+13,37.52960624353501,126.84087480569875,59,0.000871611,326,479
방화2동,1.11607E+13,37.572021290276716,126.81080324640278,59,0.00087525,160,481
발산1동,1.11607E+13,37.55195182982213,126.8325296096237,59,0.00087889,168,483
화곡2동,1.11606E+13,37.52981916739613,126.85232905847364,59,0.000869791,211,478
염창동,1.11605E+13,37.54762848881816,126.8725974436435,59,0.00087525,419,481
화곡1동,1.11607E+13,37.53625839376346,126.84343601812171,59,0.000873431,217,480
화곡1동,1.11607E+13,37.52998847185074,126.84134943033106,59,0.00087707,296,482
등촌3동,1.11605E+13,37.56554225879195,126.84275218143412,59,0.00087525,350,481
화곡1동,1.11607E+13,37.53217600150273,126.83879629854351,59,0.00087889,239,483
우장산동,1.11607E+13,37.54522070783622,126.83916389624933,59,0.000871611,183,479
우장산동,1.11607E+13,37.55491524480296,126.8417930343098,59,0.00087707,153,482
우장산동,1.11607E+13,37.55640632163813,126.84287685629965,59,0.000871611,156,479
화곡6동,1.11606E+13,37.55280659451907,126.85350684247584,59,0.00087525,235,481
공항동,1.11607E+13,37.56219772,126.81812312533636,59,0.000873431,181,480
화곡3동,1.11606E+13,37.54383148210712,126.83058376467872,59,0.000869791,164,478
화곡3동,1.11606E+13,37.54292921318481,126.83161116432788,59,0.000880709,174,484
공항동,1.11607E+13,37.55923641605519,126.81996483804008,59,0.000869791,158,478
발산1동,1.11607E+13,37.55481126414301,126.82672049492602,59,0.000882529,164,485
등촌3동,1.11605E+13,37.56140108632357,126.84960757687334,59,0.000882529,291,485
우장산동,1.11607E+13,37.54574345710703,126.84248660978385,59,0.00087707,230,482
등촌2동,1.11605E+13,37.546262521013176,126.86128880265854,59,0.000871611,229,479
방화1동,1.11607E+13,37.564326457801904,126.81942302318117,59,0.000882529,160,485
등촌3동,1.11605E+13,37.5612492,126.8406341612773,59,0.000880709,231,484
등촌1동,1.11605E+13,37.554533342291954,126.86448697414718,59,0.00087707,177,482
화곡4동,1.11606E+13,37.531552826020324,126.85899255729507,59,0.000873431,231,480
방화1동,1.11607E+13,37.57150156594692,126.82143630847577,59,0.00087889,168,483
염창동,1.11605E+13,37.55146266163397,126.87351034183115,59,0.00087525,136,481
염창동,1.11605E+13,37.55539783969383,126.86652096391686,59,0.000869791,148,478
화곡1동,1.11607E+13,37.53991606298466,126.8365877062198,58,0.000867972,235,477
화곡1동,1.11607E+13,37.534774654635434,126.83636295482324,58,0.000864333,218,475
우장산동,1.11607E+13,37.55540378346339,126.83999491354291,58,0.000862513,150,474
화곡1동,1.11607E+13,37.53047059578674,126.84174551747218,58,0.000866152,309,476
화곡1동,1.11607E+13,37.53138872520554,126.84146424880427,58,0.000860693,233,473
방화1동,1.11607E+13,37.56596760083791,126.82363623968197,58,0.000855234,150,470
방화2동,1.11607E+13,37.57158372381586,126.8095050661703,58,0.000866152,237,476
방화3동,1.11608E+13,37.57776590381518,126.81425070461943,58,0.000858874,165,472
방화2동,1.11607E+13,37.565977294009514,126.81051141628419,58,0.000866152,224,476
화곡본동,1.11606E+13,37.54166646340421,126.8493607169369,58,0.000860693,217,473
방화1동,1.11607E+13,37.56792675811896,126.82018607519166,58,0.000862513,149,474
화곡1동,1.11607E+13,37.53529786478009,126.83871664450601,58,0.000857054,218,471
가양2동,1.11607E+13,37.56981797433006,126.8492721181434,58,0.000866152,163,476
등촌1동,1.11605E+13,37.55582527273879,126.86002701224345,58,0.000855234,163,470
화곡본동,1.11606E+13,37.54032567524976,126.85123520970959,58,0.000860693,205,473
가양2동,1.11607E+13,37.566064585575205,126.85525246472162,58,0.000866152,247,476
가양1동,1.11608E+13,37.57136953709259,126.84573940204872,58,0.000866152,172,476
우장산동,1.11607E+13,37.55626566560605,126.83835588601971,58,0.000867972,164,477
화곡4동,1.11606E+13,37.53592994523115,126.85647481601809,58,0.000864333,209,475
화곡6동,1.11606E+13,37.55084691051902,126.85409648567905,58,0.000867972,211,477
화곡3동,1.11606E+13,37.541541914314024,126.83567526600125,58,0.000858874,209,472
화곡3동,1.11606E+13,37.54064178679437,126.83464188174234,58,0.000862513,219,474
우장산동,1.11607E+13,37.55693511542482,126.83846004241292,58,0.000857054,166,471
화곡8동,1.11606E+13,37.53259265202728,126.84696231621906,58,0.000860693,249,473
가양1동,1.11608E+13,37.56985478917486,126.8400159711244,58,0.000857054,323,471
화곡3동,1.11606E+13,37.5411474,126.83702017036151,58,0.000867972,298,477
화곡2동,1.11606E+13,37.53645034703297,126.85375518779256,58,0.000860693,189,473
방화1동,1.11607E+13,37.57386145,126.81555540314022,58,0.000858874,211,472
화곡8동,1.11606E+13,37.53503136190776,126.84806312051587,58,0.000867972,242,477
화곡1동,1.11607E+13,37.53764951939417,126.84092221354221,57,0.000849775,244,467
화곡4동,1.11606E+13,37.53518379300307,126.86045930990014,57,0.000849775,212,467
가양3동,1.11607E+13,37.56296218350748,126.8615490797383,57,0.000851595,277,468
화곡1동,1.11607E+13,37.534108810379536,126.83958718479482,57,0.000849775,204,467
화곡2동,1.11606E+13,37.53006502075065,126.85654094501018,57,0.000838857,230,461
공항동,1.11607E+13,37.55848205,126.81784339434877,57,0.000849775,153,467
공항동,1.11607E+13,37.55787985,126.81701889250704,57,0.000846136,170,465
화곡3동,1.11606E+13,37.54323315,126.83642751010288,57,0.000844316,256,464
방화1동,1.11607E+13,37.57205769700343,126.81738341542328,57,0.000838857,223,461
등촌3동,1.11605E+13,37.562975389961395,126.84857242699066,57,0.000838857,223,461
발산1동,1.11607E+13,37.55142883134859,126.82598796339349,57,0.000849775,198,467
우장산동,1.11607E+13,37.54324947795629,126.84018017318196,57,0.000840677,201,462
화곡3동,1.11606E+13,37.541229306324624,126.83375539371738,57,0.000846136,207,465
방화1동,1.11607E+13,37.571899203739825,126.81454689791101,57,0.000849775,187,467
화곡4동,1.11606E+13,37.537466920216346,126.85565732134181,57,0.000844316,195,464
화곡8동,1.11606E+13,37.53533283339191,126.84709613464395,57,0.000844316,233,464
가양1동,1.11608E+13,37.56038536168138,126.83013045004706,57,0.000838857,399,461
공항동,1.11607E+13,37.55737510231685,126.8154152877077,57,0.000844316,224,464
공항동,1.11607E+13,37.55559666140179,126.8189456579227,57,0.000849775,217,467
가양2동,1.11607E+13,37.56252055010208,126.85566615926199,57,0.000847956,310,466
가양2동,1.11607E+13,37.56349154,126.8545259994575,57,0.000846136,292,465
발산1동,1.11607E+13,37.55648768183808,126.82379693068937,57,0.000851595,126,468
화곡6동,1.11606E+13,37.54757963112965,126.85041188815721,57,0.000849775,230,467
공항동,1.11607E+13,37.56054193010018,126.80940045265088,57,0.000844316,295,464
공항동,1.11607E+13,37.55911435709147,126.81280176913529,57,0.000842497,278,463
방화3동,1.11608E+13,37.57576399358141,126.8175511469155,57,0.000847956,256,466
화곡4동,1.11606E+13,37.53703372886895,126.85469663419207,57,0.000846136,211,465
우장산동,1.11607E+13,37.54988270264681,126.83712004660548,57,0.000853415,149,469
우장산동,1.11607E+13,37.54634159516703,126.83900645313057,57,0.000842497,161,463
화곡1동,1.11607E+13,37.53972616880618,126.83919846619116,57,0.000851595,204,468
화곡1동,1.11607E+13,37.53783890893341,126.83875361951065,57,0.000840677,199,462
방화3동,1.11608E+13,37.579239803621746,126.81174177436424,57,0.000844316,190,464
등촌2동,1.11605E+13,37.54966889898979,126.85917701841971,57,0.000853415,221,469
등촌2동,1.11605E+13,37.55082574925805,126.86072356908274,56,0.000833399,226,458
화곡1동,1.11607E+13,37.52874506343778,126.84724612381858,56,0.00082612,325,454
화곡본동,1.11606E+13,37.53957571940497,126.84695183297517,56,0.000835218,200,459
염창동,1.11605E+13,37.555604157370645,126.87031229360385,56,0.000829759,156,456
우장산동,1.11607E+13,37.54877541971673,126.84099959995578,56,0.000833399,157,458
우장산동,1.11607E+13,37.54715941424115,126.83911239197049,56,0.000833399,159,458
화곡4동,1.11606E+13,37.53169047754008,126.8614216354713,56,0.000835218,214,459
공항동,1.11607E+13,37.559784063950815,126.81511579255776,56,0.0008243,229,453
화곡4동,1.11606E+13,37.53082549596663,126.86258174326515,56,0.000835218,229,459
공항동,1.11607E+13,37.55710372,126.81863083390256,56,0.000829759,152,456
발산1동,1.11607E+13,37.553704549098015,126.82978114478226,56,0.00082612,145,454
화곡4동,1.11606E+13,37.53191304636207,126.86307218205063,56,0.0008243,258,453
등촌1동,1.11605E+13,37.554950351901766,126.8616052780476,56,0.00082612,244,454
가양2동,1.11607E+13,37.565001771931996,126.85466061164078,56,0.000833399,311,458
화곡본동,1.11606E+13,37.54803016580808,126.84794593941946,56,0.000829759,234,456
방화2동,1.11607E+13,37.57045770694581,126.80505460016873,56,0.000829759,272,456
방화1동,1.11607E+13,37.56355030879983,126.8184534468829,56,0.000833399,159,458
화곡본동,1.11606E+13,37.54440228086526,126.84424483921728,56,0.000833399,293,458
화곡1동,1.11607E+13,37.539662215005876,126.83827048957994,56,0.00082794,214,455
가양1동,1.11608E+13,37.56708397146164,126.84934148723528,56,0.00082612,163,454
화곡6동,1.11606E+13,37.552092750270546,126.84853216015075,56,0.000837038,215,460
염창동,1.11605E+13,37.55352497460998,126.8709185461535,56,0.000833399,183,458
방화1동,1.11607E+13,37.56653716390604,126.82415614002261,56,0.00082794,144,455
방화1동,1.11607E+13,37.56679386778054,126.81999719052986,56,0.000833399,146,458
발산1동,1.11607E+13,37.55263150323795,126.83357786932866,56,0.000837038,155,460
화곡2동,1.11606E+13,37.531578140884115,126.8557577681055,56,0.00082794,212,455
화곡4동,1.11606E+13,37.535043205190355,126.86273966615076,56,0.000833399,225,458
등촌1동,1.11605E+13,37.555914657447545,126.8552588269889,56,0.000829759,168,456
방화1동,1.11607E+13,37.570451687576245,126.82237002292996,56,0.000831579,186,457
우장산동,1.11607E+13,37.55133261769306,126.84387080100284,56,0.000833399,235,458
가양1동,1.11608E+13,37.571275603935725,126.84238493857741,56,0.00082794,143,455
발산1동,1.11607E+13,37.55472888604123,126.82964496993579,56,0.000835218,250,459
화곡8동,1.11606E+13,37.52978500366208,126.85078125385313,56,0.000829759,192,456
등촌3동,1.11605E+13,37.562014987691775,126.84584687238596,55,0.000809743,144,445
화곡8동,1.11606E+13,37.532808097666624,126.84981507021264,55,0.000820661,210,451
등촌3동,1.11605E+13,37.56368333081954,126.84550995840482,55,0.000820661,134,451
우장산동,1.11607E+13,37.557847147527234,126.83992840420987,55,0.000813382,231,447
화곡3동,1.11606E+13,37.54282144149496,126.83783764635137,55,0.000820661,233,451
화곡1동,1.11607E+13,37.53600208,126.83819032716004,55,0.000820661,206,451
화곡1동,1.11607E+13,37.536178391345864,126.83623578878776,55,0.000811563,195,446
방화1동,1.11607E+13,37.56641799006246,126.8212193487076,55,0.000820661,148,451
가양3동,1.11607E+13,37.563192145682336,126.86044558065343,55,0.000817022,231,449
등촌3동,1.11605E+13,37.55948695019396,126.84424970711412,55,0.000809743,202,445
등촌3동,1.11605E+13,37.56593067996398,126.84222115581454,55,0.000811563,337,446
가양3동,1.11607E+13,37.56068331619278,126.86452624693283,55,0.000811563,319,446
가양1동,1.11608E+13,37.57617217144298,126.84143270615597,55,0.000809743,263,445
화곡본동,1.11606E+13,37.537782078667206,126.84417560153905,55,0.000817022,207,449
등촌2동,1.11605E+13,37.54961903355536,126.85793426247965,55,0.000817022,212,449
공항동,1.11607E+13,37.55993450205247,126.81876062494435,55,0.000813382,170,447
화곡4동,1.11606E+13,37.537367769877555,126.85898807794376,55,0.000815202,213,448
가양3동,1.11607E+13,37.56295756984658,126.8585840914113,55,0.000809743,241,445
공항동,1.11607E+13,37.56251146862048,126.81876572754578,55,0.000822481,161,452
우장산동,1.11607E+13,37.556009447189105,126.83969564719872,55,0.000817022,145,449
방화1동,1.11607E+13,37.564568736068466,126.81842045706689,55,0.000811563,149,446
등촌3동,1.11605E+13,37.557516917357766,126.8502731624308,55,0.000820661,174,451
화곡6동,1.11606E+13,37.55187947049725,126.84508402178867,55,0.000815202,161,448
화곡1동,1.11607E+13,37.53687240894071,126.83942084530297,55,0.000818841,243,450
화곡1동,1.11607E+13,37.53603531207189,126.84015468152805,55,0.000817022,194,449
가양1동,1.11608E+13,37.571182505131844,126.84748103091236,55,0.000813382,280,447
등촌2동,1.11605E+13,37.54014412050833,126.86340417179801,55,0.000811563,160,446
등촌2동,1.11605E+13,37.547755882759745,126.85972866003087,55,0.000820661,192,451
염창동,1.11605E+13,37.549542270679204,126.87111393571551,55,0.000818841,156,450
화곡8동,1.11606E+13,37.537511733349575,126.84753669305128,55,0.000809743,216,445
화곡본동,1.11606E+13,37.54604431047907,126.84822534427785,54,0.000795186,272,437
발산1동,1.11607E+13,37.55635551354516,126.82911943910217,54,0.000800645,151,440
공항동,1.11607E+13,37.56257488530354,126.81487711060728,54,0.000800645,222,440
방화1동,1.11607E+13,37.56681048862845,126.81546892615262,54,0.000800645,238,440
화곡3동,1.11606E+13,37.54756963304231,126.83499771340388,54,0.000804284,201,442
방화1동,1.11607E+13,37.56474063544486,126.81456332833244,54,0.000800645,212,440
등촌2동,1.11605E+13,37.546325475864535,126.85908430375366,54,0.000802465,195,441
우장산동,1.11607E+13,37.54322348745023,126.84152699094402,54,0.000800645,223,440
방화1동,1.11607E+13,37.565400182015175,126.8183642,54,0.000804284,142,442
화곡6동,1.11606E+13,37.55008815916687,126.84713272864023,54,0.000806104,192,443
화곡8동,1.11606E+13,37.53114688625588,126.8510082468166,54,0.000797006,193,438
화곡4동,1.11606E+13,37.53548800325713,126.85851207001227,54,0.000807923,185,444
발산1동,1.11607E+13,37.54658468837624,126.81819208972027,54,0.000806104,204,443
우장산동,1.11607E+13,37.54893471698884,126.8367825443157,54,0.000807923,140,444
화곡1동,1.11607E+13,37.533995297398164,126.83897249628585,54,0.000797006,232,438
화곡1동,1.11607E+13,37.52914694349718,126.84394875750539,54,0.000807923,261,444
발산1동,1.11607E+13,37.55350398078859,126.8318526364009,54,0.000797006,132,438
화곡1동,1.11607E+13,37.53126581107163,126.83913699459887,54,0.000797006,230,438
화곡1동,1.11607E+13,37.52975088518069,126.83944518653821,54,0.000797006,327,438
방화2동,1.11607E+13,37.56350747404323,126.80899014389438,54,0.000798825,345,439
화곡본동,1.11606E+13,37.541776742312976,126.84326901743775,54,0.000804284,205,442
가양3동,1.11607E+13,37.56376501909008,126.85920169899322,54,0.000802465,231,441
공항동,1.11607E+13,37.561739430298545,126.81723631712751,54,0.000795186,138,437
가양3동,1.11607E+13,37.56028945683005,126.85699164130736,54,0.000797006,157,438
화곡6동,1.11606E+13,37.55150539,126.84717526780038,54,0.000806104,200,443
염창동,1.11605E+13,37.55329274176126,126.87341317898698,54,0.000797006,125,438
염창동,1.11605E+13,37.549487743816094,126.8772070271215,54,0.000806104,170,443
우장산동,1.11607E+13,37.54651724552462,126.83782866827893,54,0.000806104,149,443
우장산동,1.11607E+13,37.547655272897444,126.83769677616588,54,0.000795186,139,437
방화3동,1.11608E+13,37.57490455,126.80761477792802,54,0.000804284,238,442
염창동,1.11605E+13,37.55098643189921,126.86841639787413,54,0.000806104,149,443
우장산동,1.11607E+13,37.55193861151893,126.83790733226688,54,0.000795186,168,437
우장산동,1.11607E+13,37.554647042912926,126.84274262826824,54,0.000804284,155,442
가양1동,1.11608E+13,37.571014660903366,126.84656469045909,54,0.000800645,276,440
방화2동,1.11607E+13,37.57099716633363,126.80678562258066,54,0.000806104,253,443
방화2동,1.11607E+13,37.57167586769684,126.80671947342883,54,0.000795186,230,437
방화2동,1.11607E+13,37.56928473885135,126.81095949954316,54,0.000800645,200,440
화곡본동,1.11606E+13,37.54450801,126.8455765431879,54,0.000795186,212,437
화곡1동,1.11607E+13,37.52792564518805,126.84240508050557,54,0.000806104,206,443
화곡본동,1.11606E+13,37.543763741714635,126.84794970403706,54,0.000797006,176,438
발산1동,1.11607E+13,37.548322950565165,126.8323106433559,54,0.000804284,157,442
우장산동,1.11607E+13,37.54740556029272,126.84419260717765,54,0.000806104,185,443
방화1동,1.11607E+13,37.57043618,126.81897556856843,54,0.000800645,177,440
등촌3동,1.11605E+13,37.56410542013471,126.84189547215979,54,0.000800645,264,440
등촌3동,1.11605E+13,37.56228382152322,126.84827995533593,54,0.000798825,173,439
화곡8동,1.11606E+13,37.53766690342016,126.84901523586338,54,0.000806104,219,443
방화2동,1.11607E+13,37.56474827,126.80700638534024,53,0.000787907,250,433
가양1동,1.11608E+13,37.56656085525687,126.8488325295005,53,0.000784268,145,431
방화1동,1.11607E+13,37.56856607520442,126.81970765402932,53,0.000786088,158,432
화곡2동,1.11606E+13,37.53381592668175,126.85519905769301,53,0.000793366,199,436
화곡8동,1.11606E+13,37.53598483175355,126.84774822799626,53,0.000780629,192,429
방화1동,1.11607E+13,37.56486630859788,126.82371407236491,53,0.000784268,133,431
방화1동,1.11607E+13,37.56552613552806,126.82061449499861,53,0.000791547,120,435
염창동,1.11605E+13,37.55018336488321,126.86981701750553,53,0.000786088,220,432
방화1동,1.11607E+13,37.572105935051525,126.82216155443848,53,0.000791547,163,435
염창동,1.11605E+13,37.55289927854572,126.87558518224252,53,0.000787907,142,433
염창동,1.11605E+13,37.55006311035085,126.87157526804661,53,0.000780629,137,429
화곡2동,1.11606E+13,37.53284554680206,126.85271540933581,53,0.000782448,184,430
방화2동,1.11607E+13,37.56862589898946,126.81236139757095,53,0.000782448,197,430
방화2동,1.11607E+13,37.571145544633914,126.80850755678809,53,0.000793366,158,436
방화3동,1.11608E+13,37.57674336021291,126.81500985430861,53,0.000780629,146,429
방화3동,1.11608E+13,37.57658605594932,126.81618628358095,53,0.000780629,141,429
가양1동,1.11608E+13,37.56991236849238,126.84404467805658,53,0.000793366,142,436
가양1동,1.11608E+13,37.568200449053734,126.84867758666427,53,0.000780629,141,429
가양3동,1.11607E+13,37.56281680271259,126.85715518322056,53,0.000784268,205,431
우장산동,1.11607E+13,37.54707754207392,126.83771781547614,53,0.000786088,144,432
우장산동,1.11607E+13,37.54590003646174,126.83993661077707,53,0.000786088,155,432
방화3동,1.11608E+13,37.57703792783248,126.80847317015656,53,0.000789727,158,434
화곡3동,1.11606E+13,37.546438702730434,126.83106999754274,53,0.000782448,140,430
화곡3동,1.11606E+13,37.54558873483755,126.83128515089798,53,0.000791547,141,435
화곡6동,1.11606E+13,37.55172748630453,126.85200381327164,53,0.000786088,187,432
공항동,1.11607E+13,37.556926090675034,126.81728622006553,53,0.000787907,166,433
화곡4동,1.11606E+13,37.532766355062044,126.86110494823062,53,0.000784268,199,431
화곡6동,1.11606E+13,37.54939892326596,126.85135699560622,53,0.000782448,169,430
화곡6동,1.11606E+13,37.548550391009435,126.85452698262368,53,0.000787907,156,433
화곡3동,1.11606E+13,37.54540406529017,126.83410091575998,53,0.000791547,195,435
공항동,1.11607E+13,37.56076978970035,126.81078223652531,53,0.000791547,247,435
방화1동,1.11607E+13,37.567564251306564,126.81357223331088,53,0.000793366,232,436
발산1동,1.11607E+13,37.55187901142923,126.82260789075708,53,0.000782448,155,430
화곡1동,1.11607E+13,37.53846828,126.84103549706143,53,0.000787907,211,433
방화3동,1.11608E+13,37.581253263594235,126.8123626269448,53,0.000782448,148,430
화곡4동,1.11606E+13,37.532315702521345,126.85886615767572,53,0.000789727,213,434
발산1동,1.11607E+13,37.55191624548345,126.8266006836534,53,0.000789727,179,434
방화2동,1.11607E+13,37.56663643246425,126.81222678617705,53,0.000787907,189,433
가양2동,1.11607E+13,37.563427916490234,126.8561302807089,52,0.000771531,261,424
방화3동,1.11608E+13,37.57934121906558,126.8129853208826,52,0.000778809,159,428
방화3동,1.11608E+13,37.57455932434765,126.81721535999752,52,0.000769711,221,423
방화3동,1.11608E+13,37.57675603249713,126.80944135718424,52,0.000769711,221,423
공항동,1.11607E+13,37.55630212,126.81251902920559,52,0.000766072,202,421
발산1동,1.11607E+13,37.55043048237367,126.8252715578158,52,0.000769711,177,423
발산1동,1.11607E+13,37.55771762606917,126.8247619610038,52,0.000776989,136,427
발산1동,1.11607E+13,37.55561504799168,126.82862774790723,52,0.000766072,123,421
화곡4동,1.11606E+13,37.535064260865134,126.8579268300607,52,0.000769711,194,423
공항동,1.11607E+13,37.557466214693655,126.81178021016042,52,0.000769711,232,423
화곡3동,1.11606E+13,37.54711915354156,126.83125795964098,52,0.00077335,137,425
공항동,1.11607E+13,37.55910881,126.81885895697432,52,0.000776989,138,427
화곡3동,1.11606E+13,37.543688708740675,126.83217174499538,52,0.00077335,146,425
화곡6동,1.11606E+13,37.55504646819311,126.8514613817859,52,0.000767891,156,422
염창동,1.11605E+13,37.558257604880346,126.87140565331536,52,0.000769711,213,423
화곡2동,1.11606E+13,37.53436022406721,126.85261110571919,52,0.00077335,177,425
등촌2동,1.11605E+13,37.54331301261238,126.85989450023445,52,0.000776989,150,427
화곡1동,1.11607E+13,37.534176900739666,126.84473710305491,52,0.000766072,247,421
화곡1동,1.11607E+13,37.53424618433052,126.84398483434857,52,0.000769711,227,423
화곡1동,1.11607E+13,37.53277410488884,126.83815862328088,52,0.000767891,237,422
화곡2동,1.11606E+13,37.52956173,126.85717801607119,52,0.000769711,205,423
염창동,1.11605E+13,37.55242520841892,126.86841950699291,52,0.000778809,198,428
화곡2동,1.11606E+13,37.53267728,126.85641003119812,52,0.000769711,168,423
화곡본동,1.11606E+13,37.544556920757444,126.84767111947609,52,0.000771531,186,424
등촌3동,1.11605E+13,37.56368252475777,126.84638016624119,52,0.000766072,149,421
화곡2동,1.11606E+13,37.53580129293789,126.85433455504732,52,0.00077335,197,425
등촌2동,1.11605E+13,37.55029146,126.86087129297565,52,0.000776989,199,427
등촌2동,1.11605E+13,37.54329880932548,126.85921133140681,52,0.000771531,150,424
화곡본동,1.11606E+13,37.54212231,126.84673416896108,52,0.000771531,196,424
화곡8동,1.11606E+13,37.532460177620464,126.84935964657942,52,0.000776989,172,427
공항동,1.11607E+13,37.55718139,126.81321228728488,52,0.000771531,190,424
가양1동,1.11608E+13,37.56899537780152,126.82486674016437,52,0.000771531,164,424
공항동,1.11607E+13,37.55552638521217,126.81502604041329,52,0.000778809,230,428
화곡6동,1.11606E+13,37.55197376690321,126.84683101750629,52,0.00077517,196,426
등촌1동,1.11605E+13,37.559200171395524,126.85598465139823,52,0.000766072,171,421
화곡2동,1.11606E+13,37.52895177631275,126.85296496521393,52,0.000771531,203,424
화곡본동,1.11606E+13,37.54244276883026,126.84542554036533,51,0.000756973,195,416
우장산동,1.11607E+13,37.54772439860887,126.83926073877397,51,0.000760613,133,418
등촌3동,1.11605E+13,37.56053492738709,126.85260402137378,51,0.000755154,308,415
방화3동,1.11608E+13,37.57558989695535,126.81354651638556,51,0.000753334,232,414
등촌2동,1.11605E+13,37.549289415825434,126.8630789197684,51,0.000753334,203,414
화곡4동,1.11606E+13,37.531063810898964,126.86158830672541,51,0.000755154,218,415
염창동,1.11605E+13,37.556030945633196,126.86487336431337,51,0.000749695,148,412
염창동,1.11605E+13,37.55067994552952,126.87443350838713,51,0.000758793,128,417
등촌3동,1.11605E+13,37.56138389536805,126.85221857629217,51,0.000760613,292,418
발산1동,1.11607E+13,37.55738255823886,126.82848261509737,51,0.000755154,138,415
발산1동,1.11607E+13,37.557315899684035,126.82924900947471,51,0.000760613,134,418
방화1동,1.11607E+13,37.56658829552715,126.81352868159203,51,0.000764252,193,420
화곡6동,1.11606E+13,37.55455963579686,126.85465118324122,51,0.000753334,351,414
화곡6동,1.11606E+13,37.54940115303722,126.84800734063528,51,0.000760613,283,418
우장산동,1.11607E+13,37.55657596410697,126.84201023938058,51,0.000749695,136,412
우장산동,1.11607E+13,37.554838478293775,126.84100536693026,51,0.000758793,130,417
우장산동,1.11607E+13,37.55698343,126.84061027412265,51,0.000753334,130,414
화곡6동,1.11606E+13,37.548380860228185,126.84943768146158,51,0.000755154,220,415
공항동,1.11607E+13,37.558006624453014,126.81425845732178,51,0.000764252,232,420
공항동,1.11607E+13,37.553865625327134,126.81548676382491,51,0.000755154,187,415
화곡3동,1.11606E+13,37.54262771001344,126.833743,51,0.000758793,192,417
가양1동,1.11608E+13,37.572668104695104,126.84292047239164,51,0.000753334,146,414
화곡6동,1.11606E+13,37.54824191717533,126.85197853161233,51,0.000764252,203,420
공항동,1.11607E+13,37.56009345807327,126.81979434771397,51,0.000751514,114,413
공항동,1.11607E+13,37.55540852734584,126.7920073340496,51,0.000755154,142,415
방화2동,1.11607E+13,37.569364185986196,126.81174707077669,51,0.000764252,184,420
화곡1동,1.11607E+13,37.52868855928334,126.83985576609597,51,0.000762432,295,419
화곡1동,1.11607E+13,37.533187678290204,126.84154005607996,51,0.000764252,193,420
염창동,1.11605E+13,37.54996872571148,126.87243749579416,51,0.000756973,208,416
방화1동,1.11607E+13,37.56585277597781,126.81725800594931,51,0.000751514,131,413
방화1동,1.11607E+13,37.571502015081784,126.81621145212834,51,0.000749695,143,412
화곡8동,1.11606E+13,37.538184516054315,126.84784934105201,51,0.000760613,207,418
화곡6동,1.11606E+13,37.5501418,126.85241848002467,51,0.000753334,181,414
화곡2동,1.11606E+13,37.531195931528714,126.85724942931611,51,0.000749695,193,412
방화2동,1.11607E+13,37.567296077427756,126.80984155524668,51,0.000760613,198,418
방화2동,1.11607E+13,37.57229732872012,126.80836335478315,51,0.000753334,155,414
방화2동,1.11607E+13,37.570279039528636,126.80676206370634,51,0.000758793,171,417
방화2동,1.11607E+13,37.57809234812522,126.80177957821292,51,0.000758793,177,417
방화1동,1.11607E+13,37.56402350129082,126.81773866069005,51,0.000755154,153,415
가양1동,1.11608E+13,37.57032982481467,126.84592297497808,51,0.000760613,184,418
화곡4동,1.11606E+13,37.529737777839856,126.86067913858138,51,0.000762432,154,419
염창동,1.11605E+13,37.549395703054266,126.87805440239845,50,0.000740597,152,407
방화3동,1.11608E+13,37.57555188741983,126.81905490222881,50,0.000744236,221,409
등촌3동,1.11605E+13,37.56456877835557,126.84696392197309,50,0.000740597,144,407
화곡본동,1.11606E+13,37.541120514168405,126.84771981415601,50,0.000747875,175,411
화곡1동,1.11607E+13,37.53864036064933,126.83672199317218,50,0.000744236,197,409
화곡1동,1.11607E+13,37.53932755529256,126.83727250266813,50,0.000747875,213,411
방화1동,1.11607E+13,37.57033594,126.82196565536134,50,0.000740597,138,407
방화1동,1.11607E+13,37.56394045198968,126.81722428032302,50,0.000740597,136,407
화곡2동,1.11606E+13,37.53549595502654,126.85320556828248,50,0.000747875,181,411
방화2동,1.11607E+13,37.582130227285106,126.79897949952034,50,0.000740597,180,407
염창동,1.11605E+13,37.54847538235885,126.87025061764578,50,0.000746055,162,410
화곡1동,1.11607E+13,37.53002958202873,126.84429918310326,50,0.000735138,214,404
화곡2동,1.11606E+13,37.52936587742819,126.85450594210843,50,0.000735138,187,404
화곡3동,1.11606E+13,37.5444232,126.8342900631624,50,0.000747875,216,411
화곡본동,1.11606E+13,37.54638456212945,126.84645177261632,50,0.000740597,332,407
등촌2동,1.11605E+13,37.53614690594887,126.86207936367249,50,0.000742416,176,408
방화2동,1.11607E+13,37.56668752943549,126.81144466603226,50,0.000747875,191,411
방화3동,1.11608E+13,37.57807548749215,126.81129770176588,50,0.000746055,278,410
화곡8동,1.11606E+13,37.53530093055361,126.84873156773665,50,0.000736957,194,405
등촌3동,1.11605E+13,37.55929926490877,126.84944724333927,50,0.000740597,176,407
등촌3동,1.11605E+13,37.56136459658492,126.8513528311297,50,0.000746055,257,410
등촌3동,1.11605E+13,37.56077312307124,126.85208284725319,50,0.000735138,226,404
등촌1동,1.11605E+13,37.55434728538354,126.86398452927988,50,0.000735138,155,404
발산1동,1.11607E+13,37.55132846319972,126.82885814556062,50,0.000736957,141,405
가양1동,1.11608E+13,37.569666711540116,126.82341260128658,50,0.000736957,129,405
가양2동,1.11607E+13,37.56443843554345,126.85172403349785,50,0.000736957,271,405
화곡6동,1.11606E+13,37.55138720068373,126.85015528358046,50,0.000740597,226,407
가양1동,1.11608E+13,37.570599322445055,126.84725279788617,50,0.000736957,277,405
화곡8동,1.11606E+13,37.534842109140854,126.84976191733965,50,0.000742416,196,408
등촌2동,1.11605E+13,37.54646022331606,126.85654988008214,50,0.000746055,167,410
발산1동,1.11607E+13,37.55325231418756,126.82773231584171,50,0.000738777,156,406
화곡4동,1.11606E+13,37.53652254682022,126.85565223425064,50,0.000735138,172,404
화곡3동,1.11606E+13,37.54470133017354,126.8306834330098,50,0.000740597,134,407
등촌3동,1.11605E+13,37.56015538360928,126.8484552096572,50,0.000747875,228,411
공항동,1.11607E+13,37.562133991158525,126.81056470710212,50,0.000742416,279,408
방화1동,1.11607E+13,37.57476228344471,126.81301818056583,50,0.000736957,190,405
화곡3동,1.11606E+13,37.541802552868226,126.83901280221096,50,0.000747875,231,411
방화1동,1.11607E+13,37.56777646443998,126.81574772050098,50,0.000747875,218,411
우장산동,1.11607E+13,37.55580792,126.84041513173617,49,0.000733318,132,403
우장산동,1.11607E+13,37.55709212537369,126.8392710498607,49,0.000727859,146,400
우장산동,1.11607E+13,37.546338423996126,126.84416863262369,49,0.000726039,171,399
화곡3동,1.11606E+13,37.542277071328826,126.83710996059567,49,0.000731498,232,402
화곡본동,1.11606E+13,37.54109352620972,126.84927957336213,49,0.000727859,184,400
등촌1동,1.11605E+13,37.553143139626194,126.86257224308258,49,0.000727859,199,400
화곡3동,1.11606E+13,37.54320824847745,126.83367985713832,49,0.000726039,159,399
우장산동,1.11607E+13,37.54611255158288,126.83832334792474,49,0.000733318,158,403
발산1동,1.11607E+13,37.55253243792128,126.82737714984722,49,0.00072422,166,398
등촌3동,1.11605E+13,37.56267375817772,126.8410951266407,49,0.000733318,198,403
공항동,1.11607E+13,37.55580436244661,126.81550128542746,49,0.00072058,210,396
방화2동,1.11607E+13,37.57271829907682,126.80993441387447,49,0.0007224,182,397
화곡본동,1.11606E+13,37.54510297,126.84590364204028,49,0.000729679,184,401
염창동,1.11605E+13,37.549421734901706,126.87361591392221,49,0.000733318,165,403
등촌3동,1.11605E+13,37.559368363679624,126.84601439948194,49,0.00072058,208,396
화곡3동,1.11606E+13,37.54202890385858,126.8339032441661,49,0.00072058,192,396
화곡본동,1.11606E+13,37.54062890852731,126.84318941424081,49,0.000726039,193,399
방화2동,1.11607E+13,37.581753509982235,126.80472111508932,49,0.000726039,140,399
등촌2동,1.11605E+13,37.552441045005416,126.85901154725043,49,0.000729679,199,401
방화2동,1.11607E+13,37.56454182007082,126.80881644118546,49,0.000733318,247,403
방화1동,1.11607E+13,37.56597560984922,126.81866737531641,49,0.000726039,147,399
방화1동,1.11607E+13,37.57212169110895,126.82121226136766,49,0.000731498,143,402
가양1동,1.11608E+13,37.566231784562284,126.84842992987554,49,0.000733318,146,403
가양2동,1.11607E+13,37.56443735517231,126.85356638857904,49,0.0007224,239,397
방화3동,1.11608E+13,37.57980798680385,126.81256974755289,49,0.000726039,139,399
방화3동,1.11608E+13,37.579473541679356,126.81927627141035,49,0.000731498,156,402
화곡8동,1.11606E+13,37.53718544719607,126.84897962994717,49,0.000726039,194,399
화곡4동,1.11606E+13,37.53600859,126.85735225850134,49,0.000729679,183,401
화곡4동,1.11606E+13,37.53746268681934,126.85376260134059,49,0.00072058,146,396
염창동,1.11605E+13,37.55622408,126.86686952210978,49,0.000726039,129,399
화곡6동,1.11606E+13,37.550915209531624,126.84748550148669,49,0.000726039,183,399
화곡8동,1.11606E+13,37.53640722856818,126.84892789266961,49,0.000733318,203,403
화곡3동,1.11606E+13,37.54422040498036,126.8356628987348,49,0.000731498,183,402
염창동,1.11605E+13,37.553709475782284,126.86738208221608,49,0.0007224,136,397
등촌3동,1.11605E+13,37.56237257114881,126.84941679969079,48,0.000707843,233,389
화곡1동,1.11607E+13,37.537651133926715,126.84176881232622,48,0.000718761,188,395
화곡8동,1.11606E+13,37.53737637278173,126.84589394411036,48,0.000716941,196,394
방화3동,1.11608E+13,37.57706195705774,126.81100093436552,48,0.000715121,217,393
화곡1동,1.11607E+13,37.53546235761428,126.83641130109686,48,0.000715121,179,393
등촌1동,1.11605E+13,37.55823758611347,126.85915038328415,48,0.000716941,343,394
등촌1동,1.11605E+13,37.55492173527468,126.86323592929523,48,0.000718761,192,395
우장산동,1.11607E+13,37.54681572718408,126.84040082682768,48,0.000718761,132,395
화곡본동,1.11606E+13,37.54319937745587,126.84654557381391,48,0.000706023,168,388
방화3동,1.11608E+13,37.57795042681336,126.80989134040225,48,0.000711482,221,391
방화3동,1.11608E+13,37.57787046287182,126.81629259243273,48,0.000715121,162,393
방화3동,1.11608E+13,37.57740210811925,126.80964068834545,48,0.000707843,222,389
화곡본동,1.11606E+13,37.54556180463207,126.84610548002678,48,0.000709663,266,390
등촌3동,1.11605E+13,37.56228084607168,126.85044077004032,48,0.000709663,234,390
등촌3동,1.11605E+13,37.560816241872715,126.84523132252558,48,0.000718761,149,395
가양1동,1.11608E+13,37.569348090379236,126.82417525055382,48,0.000713302,132,392
등촌3동,1.11605E+13,37.55897553050697,126.84885320210613,48,0.000706023,174,388
발산1동,1.11607E+13,37.54361591334094,126.82162351457303,48,0.000716941,174,394
염창동,1.11605E+13,37.55095880541928,126.87261190145605,48,0.000715121,145,393
염창동,1.11605E+13,37.55038421622939,126.86807928904624,48,0.000706023,129,388
등촌3동,1.11605E+13,37.56158306499411,126.8402831122439,48,0.000709663,232,390
화곡1동,1.11607E+13,37.53920190460215,126.83563494438744,48,0.000716941,140,394
방화1동,1.11607E+13,37.57055770512758,126.81422791021522,48,0.000709663,141,390
방화1동,1.11607E+13,37.57277150878998,126.81618849014411,48,0.000709663,140,390
염창동,1.11605E+13,37.54752983,126.87689052353569,48,0.000713302,306,392
화곡1동,1.11607E+13,37.53487466227055,126.84111909151919,48,0.000718761,170,395
염창동,1.11605E+13,37.54952001,126.86866151712012,47,0.000693286,204,381
염창동,1.11605E+13,37.55476552513664,126.86815817716291,47,0.000704204,117,387
염창동,1.11605E+13,37.55439801251454,126.87219326100076,47,0.000702384,143,386
화곡1동,1.11607E+13,37.538799224401735,126.83812674537717,47,0.000704204,174,387
방화3동,1.11608E+13,37.5807293,126.81189931194191,47,0.000704204,142,387
방화3동,1.11608E+13,37.57914444451984,126.81476837579679,47,0.000704204,153,387
등촌1동,1.11605E+13,37.55561182736013,126.85807566211227,47,0.000691466,234,380
등촌1동,1.11605E+13,37.55664456283446,126.85508202767136,47,0.000693286,330,381
화곡3동,1.11606E+13,37.54398783280208,126.83735421953416,47,0.000693286,220,381
방화1동,1.11607E+13,37.57044677526033,126.82074908979799,47,0.000702384,145,386
염창동,1.11605E+13,37.549154926021735,126.8751129349382,47,0.000704204,248,387
방화2동,1.11607E+13,37.56671962536137,126.80859577318257,47,0.000704204,194,387
발산1동,1.11607E+13,37.55722953022602,126.83438199782148,47,0.000702384,83,386
염창동,1.11605E+13,37.55653367651511,126.86630152960254,47,0.000702384,125,386
등촌3동,1.11605E+13,37.56176932,126.85016644482587,47,0.000698745,230,384
등촌3동,1.11605E+13,37.561850959548664,126.8479438969024,47,0.000702384,147,386
등촌3동,1.11605E+13,37.56220310803532,126.84155730322148,46,0.000676909,148,372
방화2동,1.11607E+13,37.565049673599475,126.80804991717629,46,0.000684187,160,376
화곡8동,1.11606E+13,37.530420831050066,126.84882385807795,46,0.000686007,201,377
화곡4동,1.11606E+13,37.53103891552882,126.8597325528845,46,0.000689646,192,379
화곡본동,1.11606E+13,37.54288195801214,126.84445448166805,46,0.000678729,179,373
방화2동,1.11607E+13,37.57096819760863,126.81151806829759,46,0.000687827,170,378
화곡본동,1.11606E+13,37.54118157177272,126.8413036657593,46,0.000676909,242,372
화곡본동,1.11606E+13,37.54275807333746,126.84878152324396,46,0.000676909,170,372
우장산동,1.11607E+13,37.54275548695499,126.84169982463662,46,0.000676909,248,372
염창동,1.11605E+13,37.55315037168953,126.86705294350485,46,0.000678729,133,373
등촌3동,1.11605E+13,37.560527539129254,126.8475373904902,46,0.000680548,121,374
화곡6동,1.11606E+13,37.554654037679455,126.85287671027281,45,0.000675089,336,371
방화1동,1.11607E+13,37.57371054012961,126.80987458014829,45,0.000664171,109,365
방화1동,1.11607E+13,37.574121898431684,126.81227136650287,45,0.00067145,184,369
방화1동,1.11607E+13,37.57342222000259,126.80836749754062,45,0.00067327,142,370
발산1동,1.11607E+13,37.555114436098854,126.82782906078356,45,0.00066963,127,368
공항동,1.11607E+13,37.55548012412062,126.81792077879693,45,0.000664171,189,365
방화1동,1.11607E+13,37.57262807457835,126.81985568019472,45,0.00067145,186,369
화곡8동,1.11606E+13,37.52863176546917,126.85044354699903,45,0.00067327,174,370
발산1동,1.11607E+13,37.55611427272409,126.83252384905538,45,0.00067145,173,369
화곡본동,1.11606E+13,37.54445565,126.84701286167176,45,0.000664171,191,365
염창동,1.11605E+13,37.55474786969785,126.86955283823912,45,0.000665991,114,366
화곡본동,1.11606E+13,37.54518293684731,126.84803256956519,45,0.000662352,160,364
등촌3동,1.11605E+13,37.55994780304652,126.84236836438767,45,0.00066963,292,368
방화3동,1.11608E+13,37.576536871735655,126.8107532734321,45,0.00067145,220,369
등촌2동,1.11605E+13,37.545392893815446,126.86119834292721,45,0.000675089,170,371
방화2동,1.11607E+13,37.567797113789005,126.81109933983113,45,0.00067327,183,370
등촌2동,1.11605E+13,37.53890235,126.86188212132878,45,0.000665991,189,366
방화2동,1.11607E+13,37.56816727526856,126.80621185713925,45,0.00067145,148,369
우장산동,1.11607E+13,37.55315088524741,126.84244138486324,45,0.00066963,167,368
염창동,1.11605E+13,37.547456310245664,126.8757853642398,45,0.000665991,132,366
염창동,1.11605E+13,37.55583747757684,126.86799844639404,45,0.000664171,114,365
염창동,1.11605E+13,37.55024967697946,126.87416748389336,45,0.00067327,132,370
염창동,1.11605E+13,37.55646578866498,126.86524749516322,45,0.00066963,140,368
화곡본동,1.11606E+13,37.54165629629751,126.84424326733142,45,0.00066963,178,368
방화1동,1.11607E+13,37.56948449119971,126.81342377751331,45,0.00067327,188,370
등촌1동,1.11605E+13,37.554425493879855,126.85903514275773,45,0.00067327,179,370
화곡1동,1.11607E+13,37.52915380503872,126.8391727927225,45,0.000667811,272,367
방화2동,1.11607E+13,37.56522463083187,126.80977908560624,45,0.000662352,190,364
등촌2동,1.11605E+13,37.54662381850857,126.85999243422351,45,0.000665991,171,366
등촌1동,1.11605E+13,37.55968905538665,126.85633228891317,44,0.000649614,138,357
등촌2동,1.11605E+13,37.54886966864114,126.86106852702908,44,0.000647794,142,356
가양1동,1.11608E+13,37.56975116218223,126.82308805714713,44,0.000645975,125,355
가양1동,1.11608E+13,37.57022464164552,126.82498843755498,44,0.000656893,121,361
방화1동,1.11607E+13,37.568105713617506,126.82236573643844,44,0.000660532,134,363
염창동,1.11605E+13,37.55239022451647,126.86718350440786,44,0.000658712,131,362
염창동,1.11605E+13,37.55382272729335,126.87038439779812,44,0.000647794,104,356
등촌1동,1.11605E+13,37.56003006517705,126.85554539504759,44,0.000649614,275,357
화곡본동,1.11606E+13,37.54178858486117,126.84871407550722,44,0.000653253,155,359
우장산동,1.11607E+13,37.551590679473186,126.83984604770109,44,0.000649614,124,357
염창동,1.11605E+13,37.55226195039932,126.86891598970499,43,0.000640516,112,352
방화2동,1.11607E+13,37.571850521703645,126.80545496725975,43,0.000636877,263,350
등촌2동,1.11605E+13,37.53724354154089,126.86150303166089,43,0.000644155,181,354
공항동,1.11607E+13,37.555691506598706,126.81711586361865,43,0.000642336,163,353
가양3동,1.11607E+13,37.56004375865906,126.85788518287613,43,0.000636877,133,350
방화1동,1.11607E+13,37.56671562260038,126.81822489379292,43,0.000644155,308,354
등촌3동,1.11605E+13,37.56279955913651,126.84306426473576,43,0.000642336,116,353
염창동,1.11605E+13,37.55107455,126.87450071655029,42,0.000629598,110,346
방화2동,1.11607E+13,37.57190685996362,126.79857560848943,42,0.00061686,290,339
우장산동,1.11607E+13,37.549369832293074,126.84253847698287,42,0.000627778,170,345
화곡6동,1.11606E+13,37.55418378893631,126.84873257290795,42,0.000624139,154,343
화곡6동,1.11606E+13,37.55163115867396,126.84911857717458,42,0.000624139,248,343
방화3동,1.11608E+13,37.578392046649945,126.80770189587965,42,0.000622319,132,342
방화1동,1.11607E+13,37.56743598293371,126.82205235908998,42,0.000629598,141,346
방화3동,1.11608E+13,37.58625147075012,126.81821863723995,42,0.000627778,150,345
화곡본동,1.11606E+13,37.54199033716601,126.84222702228043,42,0.000627778,252,345
화곡3동,1.11606E+13,37.542555606956526,126.83913545346195,42,0.00061868,292,340
발산1동,1.11607E+13,37.551703498906235,126.82864252469976,42,0.000624139,112,343
화곡1동,1.11607E+13,37.52767844,126.84382343526362,42,0.000629598,142,346
방화2동,1.11607E+13,37.569645730991944,126.80532689355134,42,0.0006205,262,341
방화1동,1.11607E+13,37.571551506118865,126.81338418888829,42,0.000622319,121,342
발산1동,1.11607E+13,37.54925372,126.82843702703732,41,0.000602303,138,331
등촌1동,1.11605E+13,37.55460227196687,126.85760506701024,41,0.000613221,177,337
가양1동,1.11608E+13,37.567169547797064,126.8485800337789,41,0.000607762,118,334
방화2동,1.11607E+13,37.569112553728466,126.8081086155716,41,0.000613221,127,337
화곡1동,1.11607E+13,37.52939847760361,126.84189062634402,41,0.000607762,242,334
방화3동,1.11608E+13,37.57909449488312,126.81942212503829,40,0.000591385,121,325
화곡1동,1.11607E+13,37.53027198,126.84594326469258,40,0.000595025,258,327
방화3동,1.11608E+13,37.573592824211836,126.81728697456609,40,0.000589566,147,324
방화1동,1.11607E+13,37.57226483566428,126.81866035005368,40,0.000589566,114,324
화곡1동,1.11607E+13,37.52851780883329,126.8423649311616,40,0.000595025,123,327
방화2동,1.11607E+13,37.593432514660186,126.80684269063136,40,0.000596844,149,328
화곡6동,1.11606E+13,37.54955964896827,126.84663188911802,40,0.000593205,153,326
화곡6동,1.11606E+13,37.55399969618799,126.84627745598195,40,0.000591385,148,325
방화3동,1.11608E+13,37.57749886656653,126.81125817948637,40,0.000598664,198,329
가양1동,1.11608E+13,37.569876735827066,126.84252339127383,40,0.000598664,191,329
우장산동,1.11607E+13,37.55340507019416,126.83835911255548,40,0.000598664,135,329
염창동,1.11605E+13,37.55204567509172,126.87621672194523,39,0.000578648,123,318
방화1동,1.11607E+13,37.57429607758953,126.80764765104432,39,0.000576828,153,317
방화1동,1.11607E+13,37.572991265218995,126.81202818089035,39,0.000573189,119,315
방화1동,1.11607E+13,37.56551855698579,126.81549646114797,39,0.000582287,153,320
공항동,1.11607E+13,37.557118612940016,126.82103391616639,39,0.000578648,139,318
우장산동,1.11607E+13,37.55449734646797,126.83761993454318,39,0.000580468,116,319
염창동,1.11605E+13,37.55522802784635,126.87189809997041,39,0.000584107,102,321
화곡6동,1.11606E+13,37.552664202786474,126.85002111443113,38,0.00056773,245,312
화곡6동,1.11606E+13,37.55557687552754,126.85067951905823,38,0.000562271,126,309
우장산동,1.11607E+13,37.54569329875772,126.83754534477829,38,0.000556812,130,306
우장산동,1.11607E+13,37.54316067,126.83938478002003,38,0.000558632,145,307
우장산동,1.11607E+13,37.55143282660718,126.83748662348891,38,0.000558632,146,307
등촌3동,1.11605E+13,37.55856558511641,126.84263740592529,38,0.000571369,256,314
우장산동,1.11607E+13,37.55413682350741,126.84106993403726,38,0.000562271,99,309
방화1동,1.11607E+13,37.56839583196524,126.81747716859861,38,0.000564091,273,310
화곡3동,1.11606E+13,37.54639829360644,126.83405310339518,38,0.000562271,107,309
염창동,1.11605E+13,37.55073762765267,126.87640268842082,37,0.000554992,103,305
가양3동,1.11607E+13,37.561277258935746,126.85570667131425,37,0.000554992,113,305
염창동,1.11605E+13,37.55271775378799,126.8738975254193,37,0.000551353,92,303
염창동,1.11605E+13,37.54822365868454,126.87574222121137,37,0.000551353,117,303
등촌3동,1.11605E+13,37.55820579,126.84782881874011,37,0.000549534,123,302
가양1동,1.11608E+13,37.578253649743466,126.8301442598284,34,0.000498583,131,274
가양1동,1.11608E+13,37.56772628772516,126.82457269818667,27,0.000398503,97,219
염창동,1.11605E+13,37.55271782027774,126.87431748871091,18,0.000265669,59,146
발산1동,1.11607E+13,37.55293835525877,126.82647899249845,8,0.000123736,5,68
공항동,1.11607E+13,37.55899406697234,126.81738760602038,6,8.734307815203883e-05,23,48
염창동,1.11605E+13,37.553837592828735,126.87343540330923,5,7.096625099853154e-05,18,39
발산1동,1.11607E+13,37.552893320027366,126.82136289641187,5,7.460554592153317e-05,36,41
등촌1동,1.11605E+13,37.556316216246685,126.85390128510667,4,6.18680136910275e-05,29,34
